,Province_State,Country_Region,Last_Update,Lat,Long_,Confirmed,Deaths,Recovered,Active,Combined_Key,Incident_Rate,Case_Fatality_Ratio
0,,Afghanistan,2021-04-01 04:27:05,33.93911,67.709953,56454,2484,51550.0,2420.0,Afghanistan,145.02030795507056,4.400042512488043
1,,Albania,2021-04-01 04:27:05,41.1533,20.1683,125157,2235,91271.0,31651.0,Albania,4349.051358676767,1.7857570890960952
2,,Algeria,2021-04-01 04:27:05,28.0339,1.6596,117192,3093,81538.0,32561.0,Algeria,267.2501997272904,2.639258652467745
3,,Andorra,2021-04-01 04:27:05,42.5063,1.5218,12010,115,11315.0,580.0,Andorra,15543.907331909662,0.9575353871773522
4,,Angola,2021-04-01 04:27:05,-11.2027,17.8739,22311,537,20493.0,1281.0,Angola,67.88419056279831,2.406884496436735
5,,Antigua and Barbuda,2021-04-01 04:27:05,17.0608,-61.7964,1136,28,820.0,288.0,Antigua and Barbuda,1160.0359447757537,2.464788732394366
6,,Argentina,2021-04-01 04:27:05,-38.4161,-63.6167,2348821,55858,2102616.0,190347.0,Argentina,5196.99218800907,2.378129282733763
7,,Armenia,2021-04-01 04:27:05,40.0691,45.0382,192639,3515,173064.0,16060.0,Armenia,6500.971573625303,1.8246564818131323
8,Australian Capital Territory,Australia,2021-04-01 04:27:05,-35.4735,149.0124,123,3,120.0,0.0,"Australian Capital Territory, Australia",28.73160476524177,2.4390243902439024
9,New South Wales,Australia,2021-04-01 04:27:05,-33.8688,151.2093,5296,54,0.0,5242.0,"New South Wales, Australia",65.23774328652378,1.0196374622356494
10,Northern Territory,Australia,2021-04-01 04:27:05,-12.4634,130.8456,108,0,106.0,2.0,"Northern Territory, Australia",43.97394136807818,0.0
11,Queensland,Australia,2021-04-01 04:27:05,-27.4698,153.0251,1477,6,1343.0,128.0,"Queensland, Australia",28.87303293910664,0.4062288422477996
12,South Australia,Australia,2021-04-01 04:27:05,-34.9285,138.6007,656,4,640.0,12.0,"South Australia, Australia",37.346996868773125,0.6097560975609756
13,Tasmania,Australia,2021-04-01 04:27:05,-42.8821,147.3272,234,13,221.0,0.0,"Tasmania, Australia",43.69747899159664,5.555555555555555
14,Victoria,Australia,2021-04-01 04:27:05,-37.8136,144.9631,20484,820,19664.0,0.0,"Victoria, Australia",308.9639361076336,4.003124389767623
15,Western Australia,Australia,2021-04-01 04:27:05,-31.9505,115.8605,944,9,918.0,17.0,"Western Australia, Australia",35.88534934995818,0.9533898305084746
16,,Austria,2021-04-01 04:27:05,47.5162,14.5501,546229,9339,501116.0,35774.0,Austria,6064.8982945461,1.7097224790335188
17,,Azerbaijan,2021-04-01 04:27:05,40.1431,47.5769,261713,3567,238125.0,20021.0,Azerbaijan,2581.206064595985,1.362943376905236
18,,Bahamas,2021-04-01 04:27:05,25.025885,-78.035889,9119,188,8597.0,334.0,Bahamas,2318.892912360648,2.061629564645246
19,,Bahrain,2021-04-01 04:27:05,26.0275,50.55,144445,521,135315.0,8609.0,Bahrain,8488.860079114565,0.3606909204195369
20,,Bangladesh,2021-04-01 04:27:05,23.685,90.3563,611295,9046,542099.0,60150.0,Bangladesh,371.180575738753,1.4798092573961834
21,,Barbados,2021-04-01 04:27:05,13.1939,-59.5432,3652,42,3465.0,145.0,Barbados,1270.8310859481298,1.1500547645125958
22,,Belarus,2021-04-01 04:27:05,53.7098,27.9534,321807,2247,312320.0,7240.0,Belarus,3405.609778734366,0.6982446000242382
23,Antwerp,Belgium,2021-04-01 04:27:05,51.2195,4.4024,112081,0,0.0,112081.0,"Antwerp, Belgium",5994.5018799505815,0.0
24,Brussels,Belgium,2021-04-01 04:27:05,50.8503,4.3517,109550,0,0.0,109550.0,"Brussels, Belgium",8992.37023447472,0.0
25,East Flanders,Belgium,2021-04-01 04:27:05,51.0362,3.7373,99902,0,0.0,99902.0,"East Flanders, Belgium",6549.855597916414,0.0
26,Flemish Brabant,Belgium,2021-04-01 04:27:05,50.9167,4.5833,68073,0,0.0,68073.0,"Flemish Brabant, Belgium",5889.467687220496,0.0
27,Hainaut,Belgium,2021-04-01 04:27:05,50.5257,4.0621,131194,0,0.0,131194.0,"Hainaut, Belgium",9740.874936889311,0.0
28,Liege,Belgium,2021-04-01 04:27:05,50.4496,5.8492,112208,0,0.0,112208.0,"Liege, Belgium",10110.65056766985,0.0
29,Limburg,Belgium,2021-04-01 04:27:05,50.9739,5.3420000000000005,45446,0,0.0,45446.0,"Limburg, Belgium",5179.798716618986,0.0
30,Luxembourg,Belgium,2021-04-01 04:27:05,50.0547,5.4677,25194,0,0.0,25194.0,"Luxembourg, Belgium",8785.989286909944,0.0
31,Namur,Belgium,2021-04-01 04:27:05,50.331,4.8221,48274,0,0.0,48274.0,"Namur, Belgium",9735.958953839205,0.0
32,Unknown,Belgium,2021-04-01 04:27:05,,,16530,23016,0.0,0.0,"Unknown, Belgium",,139.2377495462795
33,Walloon Brabant,Belgium,2021-04-01 04:27:05,50.4,4.35,34071,0,0.0,34071.0,"Walloon Brabant, Belgium",8391.479216489868,0.0
34,West Flanders,Belgium,2021-04-01 04:27:05,51.0536,3.1458,79930,0,0.0,79930.0,"West Flanders, Belgium",6655.592054590344,0.0
35,,Belize,2021-04-01 04:27:05,17.1899,-88.4976,12456,317,12090.0,49.0,Belize,3132.6313248042734,2.5449582530507384
36,,Benin,2021-04-01 04:27:05,9.3077,2.3158,7100,90,6452.0,558.0,Benin,58.56540493688217,1.267605633802817
37,,Bhutan,2021-04-01 04:27:05,27.5142,90.4336,873,1,869.0,3.0,Bhutan,113.13976454487488,0.1145475372279496
38,,Bolivia,2021-04-01 04:27:05,-16.2902,-63.5887,272411,12257,221962.0,38192.0,Bolivia,2333.678773521423,4.499451196904677
39,,Bosnia and Herzegovina,2021-04-01 04:27:05,43.9159,17.6791,169626,6599,130492.0,32535.0,Bosnia and Herzegovina,5170.239711778933,3.8903234174006345
40,,Botswana,2021-04-01 04:27:05,-22.3285,24.6849,39848,568,36958.0,2322.0,Botswana,1694.4878541434114,1.4254165830154588
41,Acre,Brazil,2021-04-01 04:27:05,-9.0238,-70.812,69657,1262,54045.0,14350.0,"Acre, Brazil",7898.201114594613,1.811734642605912
42,Alagoas,Brazil,2021-04-01 04:27:05,-9.5713,-36.782,153490,3554,144928.0,5008.0,"Alagoas, Brazil",4599.148368004981,2.315460290572676
43,Amapa,Brazil,2021-04-01 04:27:05,0.902,-52.003,97542,1302,72132.0,24108.0,"Amapa, Brazil",11533.454490848744,1.3348096204711817
44,Amazonas,Brazil,2021-04-01 04:27:05,-3.4168,-65.8561,349123,12015,298476.0,38632.0,"Amazonas, Brazil",8423.569287918705,3.4414805097343915
45,Bahia,Brazil,2021-04-01 04:27:05,-12.5797,-41.7007,803664,15330,769689.0,18645.0,"Bahia, Brazil",5403.486463851698,1.9075135877680225
46,Ceara,Brazil,2021-04-01 04:27:05,-5.4984,-39.3206,539569,14149,380789.0,143488.0,"Ceara, Brazil",5894.61675644908,2.6052338747280794
47,Distrito Federal,Brazil,2021-04-01 04:27:05,-15.7998,-47.8645,344364,6029,321374.0,16961.0,"Distrito Federal, Brazil",11420.676371055575,1.7507637267542484
48,Espirito Santo,Brazil,2021-04-01 04:27:05,-19.1834,-40.3089,382480,7500,351496.0,23152.0,"Espirito Santo, Brazil",9509.113757107489,1.960024912466177
49,Goias,Brazil,2021-04-01 04:27:05,-15.827,-49.8362,486405,11711,460845.0,11866.0,"Goias, Brazil",6900.60660946997,2.3947521107392182
50,Maranhao,Brazil,2021-04-01 04:27:05,-4.9609,-45.2744,242401,6070,220903.0,15428.0,"Maranhao, Brazil",3426.0748947624097,2.50411508203349
51,Mato Grosso,Brazil,2021-04-01 04:27:05,-12.6819,-56.9211,310337,7675,284856.0,16148.0,"Mato Grosso, Brazil",8854.900578740042,2.444368100704595
52,Mato Grosso do Sul,Brazil,2021-04-01 04:27:05,-20.7722,-54.7852,217457,4334,194999.0,16322.0,"Mato Grosso do Sul, Brazil",7758.153513547747,1.9837846362211151
53,Minas Gerais,Brazil,2021-04-01 04:27:05,-18.5122,-44.555,1123913,24332,1005681.0,93900.0,"Minas Gerais, Brazil",5309.292344565167,2.164936253962718
54,Para,Brazil,2021-04-01 04:27:05,-1.9981,-54.9306,420372,10503,390166.0,16931.0,"Para, Brazil",4853.301777954205,2.497107943753997
55,Paraiba,Brazil,2021-04-01 04:27:05,-7.24,-36.782,259173,5744,183369.0,70060.0,"Paraiba, Brazil",6450.094782967288,2.216280245241596
56,Parana,Brazil,2021-04-01 04:27:05,-25.2521,-52.0215,846105,16717,589955.0,239433.0,"Parana, Brazil",7399.931624720995,1.9757595097535177
57,Pernambuco,Brazil,2021-04-01 04:27:05,-8.8137,-36.9541,349231,12175,293723.0,43333.0,"Pernambuco, Brazil",3654.1634984191287,3.4862311764992224
58,Piaui,Brazil,2021-04-01 04:27:05,-7.7183,-42.7289,206631,4141,201169.0,0.0,"Piaui, Brazil",6263.085328331949,2.00190239262457
59,Rio Grande do Norte,Brazil,2021-04-01 04:27:05,-5.4026,-36.9541,197809,4548,142776.0,48978.0,"Rio Grande do Norte, Brazil",5596.499197428578,2.296431792358135
60,Rio Grande do Sul,Brazil,2021-04-01 04:27:05,-30.0346,-51.2177,845380,19736,801198.0,24446.0,"Rio Grande do Sul, Brazil",7430.44951415717,2.334571435330857
61,Rio de Janeiro,Brazil,2021-04-01 04:27:05,-22.9068,-43.1729,647875,36727,599767.0,11381.0,"Rio de Janeiro, Brazil",3752.5464173267183,5.668840439899672
62,Rondonia,Brazil,2021-04-01 04:27:05,-11.5057,-63.5806,187270,4143,164607.0,18520.0,"Rondonia, Brazil",10537.21391495168,2.21231377155978
63,Roraima,Brazil,2021-04-01 04:27:05,-2.7376,-62.0751,89853,1346,84118.0,4066.0,"Roraima, Brazil",14778.930964522311,1.4979056129572743
64,Santa Catarina,Brazil,2021-04-01 04:27:05,-27.2423,-50.2189,806929,10885,769659.0,26385.0,"Santa Catarina, Brazil",11262.426745913486,1.3489414806011433
65,Sao Paulo,Brazil,2021-04-01 04:27:05,-23.5505,-46.6333,2469849,74652,2120478.0,274719.0,"Sao Paulo, Brazil",5378.702420426869,3.022532956468189
66,Sergipe,Brazil,2021-04-01 04:27:05,-10.5741,-37.3857,174600,3501,158658.0,12441.0,"Sergipe, Brazil",7595.610728865409,2.0051546391752577
67,Tocantins,Brazil,2021-04-01 04:27:05,-10.1753,-48.2982,141913,2057,121515.0,17428.0,"Tocantins, Brazil",8962.937720060068,1.4413903174321687
68,,Brunei,2021-04-01 04:27:05,4.5353,114.7277,212,3,194.0,15.0,Brunei,48.4590258364325,1.4150943396226414
69,,Bulgaria,2021-04-01 04:27:05,42.7339,25.4858,342633,13197,259561.0,69875.0,Bulgaria,4931.074506598239,3.851643011618846
70,,Burkina Faso,2021-04-01 04:27:05,12.2383,-1.5616,12717,146,12385.0,186.0,Burkina Faso,60.83734809439936,1.1480695132499803
71,,Burma,2021-04-01 04:27:05,21.9162,95.956,142434,3206,131800.0,7428.0,Burma,261.78007584443344,2.250867068256175
72,,Burundi,2021-04-01 04:27:05,-3.3731,29.9189,2810,6,773.0,2031.0,Burundi,23.631753036238745,0.2135231316725978
73,,Cabo Verde,2021-04-01 04:27:05,16.5388,-23.0418,17470,168,16277.0,1025.0,Cabo Verde,3142.15414721181,0.961648540354894
74,,Cambodia,2021-04-01 04:27:05,11.55,104.9167,2440,11,1191.0,1238.0,Cambodia,14.594199607140894,0.4508196721311475
75,,Cameroon,2021-04-01 04:27:05,3.848,11.5021,47669,721,35261.0,11687.0,Cameroon,179.57223015984712,1.5125133734712286
76,Alberta,Canada,2021-04-01 04:27:05,53.9333,-116.5765,148332,1990,137992.0,8350.0,"Alberta, Canada",3338.6459545713487,1.3415850928997115
77,British Columbia,Canada,2021-04-01 04:27:05,53.7267,-127.6476,100048,1458,91066.0,7524.0,"British Columbia, Canada",1918.53770179326,1.457300495762034
78,Diamond Princess,Canada,2020-12-21 13:27:30,,,0,1,0.0,0.0,"Diamond Princess, Canada",,
79,Grand Princess,Canada,2020-12-21 13:27:30,,,13,0,13.0,0.0,"Grand Princess, Canada",,0.0
80,Manitoba,Canada,2021-04-01 04:27:05,53.7609,-98.8139,34122,935,32006.0,1181.0,"Manitoba, Canada",2465.881128659852,2.740167633784655
81,New Brunswick,Canada,2021-04-01 04:27:05,46.5653,-66.4619,1613,30,1447.0,136.0,"New Brunswick, Canada",204.37771231271185,1.8598884066955983
82,Newfoundland and Labrador,Canada,2021-04-01 04:27:05,53.1355,-57.6604,1019,6,1006.0,7.0,"Newfoundland and Labrador, Canada",195.7533622897188,0.5888125613346418
83,Northwest Territories,Canada,2021-04-01 04:27:05,64.8255,-124.8457,47,0,47.0,0.0,"Northwest Territories,Canada",103.28762306610408,0.0
84,Nova Scotia,Canada,2021-04-01 04:27:05,44.682,-63.7443,1716,66,1627.0,23.0,"Nova Scotia, Canada",172.97428065984244,3.8461538461538463
85,Nunavut,Canada,2021-04-01 04:27:05,70.2998,-83.1076,395,4,391.0,0.0,"Nunavut, Canada",1002.4617414917644,1.0126582278481011
86,Ontario,Canada,2021-04-01 04:27:05,51.2538,-85.3232,356576,7366,329652.0,19558.0,"Ontario, Canada",2405.0273986535794,2.065758772323432
87,Prince Edward Island,Canada,2021-04-01 04:27:05,46.5107,-63.4168,159,0,145.0,14.0,"Prince Edward Island, Canada",96.7635925461605,0.0
88,Quebec,Canada,2021-04-01 04:27:05,52.9399,-73.5491,311776,10667,291906.0,9203.0,"Quebec, Canada",3623.408462669802,3.4213666221902903
89,Repatriated Travellers,Canada,2021-04-01 04:27:05,,,13,0,13.0,0.0,"Repatriated Travellers, Canada",,0.0
90,Saskatchewan,Canada,2021-04-01 04:27:05,52.9399,-106.4509,33590,436,31199.0,1955.0,"Saskatchewan, Canada",2846.9865507643385,1.2980053587377196
91,Yukon,Canada,2021-04-01 04:27:05,64.2823,-135.0,74,1,71.0,2.0,"Yukon, Canada",172.1490717908156,1.351351351351351
92,,Central African Republic,2021-04-01 04:27:05,6.6111,20.9394,5161,67,4957.0,137.0,Central African Republic,106.85822330035174,1.2981980236388295
93,,Chad,2021-04-01 04:27:05,15.4542,18.7322,4533,164,4140.0,229.0,Chad,27.596730253194064,3.617913081844253
94,Antofagasta,Chile,2021-04-01 04:27:05,-23.6509,-70.3975,43243,867,41196.0,1180.0,"Antofagasta, Chile",7117.790938449535,2.0049487778368755
95,Araucania,Chile,2021-04-01 04:27:05,-38.9489,-72.3311,54915,671,51266.0,2978.0,"Araucania, Chile",5736.90170743734,1.221888372939998
96,Arica y Parinacota,Chile,2021-04-01 04:27:05,-18.594,-69.4785,17399,350,16499.0,550.0,"Arica y Parinacota, Chile",7696.356848381903,2.011609862635784
97,Atacama,Chile,2021-04-01 04:27:05,-27.5661,-70.0503,14282,170,13602.0,510.0,"Atacama, Chile",4942.826291599757,1.1903094804649208
98,Aysen,Chile,2021-04-01 04:27:05,-45.9864,-73.7669,3531,28,3386.0,117.0,"Aysen, Chile",3422.9046705054384,0.7929764939110734
99,Biobio,Chile,2021-04-01 04:27:05,-37.4464,-72.1416,95470,1557,89123.0,4790.0,"Biobio, Chile",6132.431486281198,1.6308788100974128
100,Coquimbo,Chile,2021-04-01 04:27:05,-29.959,-71.3389,26875,508,25259.0,1108.0,"Coquimbo, Chile",3547.4520384484404,1.890232558139535
101,Los Lagos,Chile,2021-04-01 04:27:05,-41.9198,-72.1416,60819,794,58420.0,1605.0,"Los Lagos, Chile",7339.014465891484,1.3055130797941432
102,Los Rios,Chile,2021-04-01 04:27:05,-40.231,-72.3311,27478,304,25542.0,1632.0,"Los Rios, Chile",7140.16583644504,1.106339617148264
103,Magallanes,Chile,2021-04-01 04:27:05,-52.368,-70.9863,23107,345,22476.0,286.0,"Magallanes, Chile",13875.32801306648,1.4930540528844074
104,Maule,Chile,2021-04-01 04:27:05,-35.5183,-71.6885,54132,989,49997.0,3146.0,"Maule, Chile",5180.343557107995,1.827015443730141
105,Metropolitana,Chile,2021-04-01 04:27:05,-33.4376,-70.6505,419769,12868,392112.0,14789.0,"Metropolitana, Chile",5901.593294800028,3.065495546360022
106,Nuble,Chile,2021-04-01 04:27:05,-36.7226,-71.7622,21360,403,19910.0,1047.0,"Nuble, Chile",4444.361216706304,1.886704119850188
107,OHiggins,Chile,2021-04-01 04:27:05,-34.5755,-71.0022,38436,890,35429.0,2117.0,"OHiggins, Chile",4202.699673611756,2.315537516911229
108,Tarapaca,Chile,2021-04-01 04:27:05,-19.9232,-69.5132,28766,509,27204.0,1053.0,"Tarapaca, Chile",8702.254974921194,1.7694500451922408
109,Unknown,Chile,2021-04-01 04:27:05,,,46,1,46.0,0.0,"Unknown, Chile",,2.1739130434782608
110,Valparaiso,Chile,2021-04-01 04:27:05,-33.0472,-71.6127,65910,1881,59803.0,4226.0,"Valparaiso, Chile",3629.601156890625,2.853891670459718
111,Anhui,China,2021-04-01 04:27:05,31.8257,117.2264,994,6,988.0,0.0,"Anhui, China",1.6287826941871515,0.6036217303822937
112,Beijing,China,2021-04-01 04:27:05,40.1824,116.4142,1049,9,1037.0,3.0,"Beijing, China",4.791465071521409,0.8579599618684461
113,Chongqing,China,2021-04-01 04:27:05,30.0572,107.874,591,6,585.0,0.0,"Chongqing, China",1.8437545031207965,1.015228426395939
114,Fujian,China,2021-04-01 04:27:05,26.0789,117.9874,561,1,550.0,10.0,"Fujian, China",1.3505027408946626,0.17825311942959
115,Gansu,China,2021-04-01 04:27:05,35.7518,104.2861,193,2,186.0,5.0,"Gansu, China",0.7713881041003035,1.0362694300518134
116,Guangdong,China,2021-04-01 04:27:05,23.3417,113.4244,2282,8,2235.0,39.0,"Guangdong, China",1.8109313115023264,0.35056967572305
117,Guangxi,China,2021-04-01 04:27:05,23.8298,108.7881,267,2,265.0,0.0,"Guangxi, China",0.5326491591205376,0.7490636704119851
118,Guizhou,China,2021-04-01 04:27:05,26.8154,106.8748,147,2,145.0,0.0,"Guizhou, China",0.3812028313360552,1.3605442176870748
119,Hainan,China,2021-04-01 04:27:05,19.1959,109.7453,171,6,165.0,0.0,"Hainan, China",1.696221255497344,3.508771929824561
120,Hebei,China,2021-04-01 04:27:05,37.8957,114.9042,1317,7,1310.0,0.0,"Hebei, China",1.7651733706508228,0.5315110098709187
121,Heilongjiang,China,2021-04-01 04:27:05,47.862,127.7615,1610,13,1597.0,0.0,"Heilongjiang, China",5.054931088416459,0.8074534161490683
122,Henan,China,2021-04-01 04:27:05,33.882,113.614,1311,22,1283.0,6.0,"Henan, China",1.3193711593253994,1.6781083142639206
123,Hong Kong,China,2021-04-01 04:27:05,22.3,114.2,11467,205,11095.0,167.0,"Hong Kong, China",152.95475996493525,1.7877387285253337
124,Hubei,China,2021-04-01 04:27:05,30.9756,112.2707,68152,4512,63639.0,1.0,"Hubei, China",118.00689621413646,6.620495363305552
125,Hunan,China,2021-04-01 04:27:05,27.6104,111.7088,1042,4,1033.0,5.0,"Hunan, China",1.5682175224258117,0.3838771593090211
126,Inner Mongolia,China,2021-04-01 04:27:05,44.0935,113.9448,375,1,368.0,6.0,"Inner Mongolia, China",1.559306345690732,0.2666666666666666
127,Jiangsu,China,2021-04-01 04:27:05,32.9711,119.455,710,0,704.0,6.0,"Jiangsu, China",0.8377777244956389,0.0
128,Jiangxi,China,2021-04-01 04:27:05,27.614,115.7221,937,1,934.0,2.0,"Jiangxi, China",2.073530213957558,0.1067235859124866
129,Jilin,China,2021-04-01 04:27:05,43.6661,126.1923,573,3,570.0,0.0,"Jilin, China",2.38021525204548,0.5235602094240838
130,Liaoning,China,2021-04-01 04:27:05,41.2956,122.6085,407,2,405.0,0.0,"Liaoning, China",0.9555918169127402,0.4914004914004914
131,Macau,China,2021-04-01 04:27:05,22.1667,113.55,48,0,48.0,0.0,"Macau, China",7.392098462751524,0.0
132,Ningxia,China,2021-04-01 04:27:05,37.2692,106.1655,75,0,75.0,0.0,"Ningxia, China",1.041282838242681,0.0
133,Qinghai,China,2021-04-01 04:27:05,35.7452,95.9956,18,0,18.0,0.0,"Qinghai, China",0.3038509563793255,0.0
134,Shaanxi,China,2021-04-01 04:27:05,35.1917,108.8701,567,3,553.0,11.0,"Shaanxi, China",1.4343899778489204,0.5291005291005291
135,Shandong,China,2021-04-01 04:27:05,36.3427,118.1498,870,7,862.0,1.0,"Shandong, China",0.856911085910921,0.8045977011494253
136,Shanghai,China,2021-04-01 04:27:05,31.202,121.4491,1885,7,1833.0,45.0,"Shanghai, China",7.5791401957991456,0.3713527851458886
137,Shanxi,China,2021-04-01 04:27:05,37.5777,112.2922,241,0,240.0,1.0,"Shanxi, China",0.690235566801972,0.0
138,Sichuan,China,2021-04-01 04:27:05,30.6171,102.7103,948,3,927.0,18.0,"Sichuan, China",1.1329566993271314,0.3164556962025316
139,Tianjin,China,2021-04-01 04:27:05,39.3054,117.323,373,3,358.0,12.0,"Tianjin, China",2.690031428654056,0.8042895442359249
140,Tibet,China,2021-04-01 04:27:05,31.6927,88.0924,1,0,1.0,0.0,"Tibet, China",0.027411529289219,0.0
141,Unknown,China,2021-04-01 04:27:05,,,0,0,1.0,0.0,"Unknown, China",,
142,Xinjiang,China,2021-04-01 04:27:05,41.1129,85.2401,980,3,977.0,0.0,"Xinjiang, China",3.7907586333077328,0.3061224489795918
143,Yunnan,China,2021-04-01 04:27:05,24.974,101.487,247,2,230.0,15.0,"Yunnan, China",0.5232022511168727,0.8097165991902834
144,Zhejiang,China,2021-04-01 04:27:05,29.1832,120.0934,1323,1,1320.0,2.0,"Zhejiang, China",2.049015676410276,0.0755857898715041
145,Amazonas,Colombia,2021-04-01 04:27:05,-1.4429,-71.5724,5858,219,5595.0,44.0,"Amazonas, Colombia",7648.617947747066,3.7384772960054624
146,Antioquia,Colombia,2021-04-01 04:27:05,7.1986,-75.3412,374623,7016,354364.0,13243.0,"Antioquia, Colombia",5846.996036585651,1.8728161378238923
147,Arauca,Colombia,2021-04-01 04:27:05,7.0762,-70.7105,5751,173,5450.0,128.0,"Arauca, Colombia",2193.5813619962314,3.008172491740567
148,Atlantico,Colombia,2021-04-01 04:27:05,10.6966,-74.8741,151635,4494,137149.0,9992.0,"Atlantico, Colombia",5980.437125840607,2.9636957166880995
149,Bolivar,Colombia,2021-04-01 04:27:05,8.6704,-74.03,69563,1409,67543.0,611.0,"Bolivar, Colombia",3360.3528314920463,2.025502062878254
150,Boyaca,Colombia,2021-04-01 04:27:05,5.4545,-73.362,48119,1154,46147.0,818.0,"Boyaca, Colombia",3952.681833714481,2.3982210769134853
151,Caldas,Colombia,2021-04-01 04:27:05,5.2983,-75.2479,49624,1015,47206.0,1403.0,"Caldas, Colombia",4971.074525046206,2.0453812671288087
152,Capital District,Colombia,2021-04-01 04:27:05,4.711,-74.0721,687382,14409,660006.0,12967.0,"Capital District, Colombia",9273.19905144858,2.0962143320599025
153,Caqueta,Colombia,2021-04-01 04:27:05,0.8699,-73.8419,17185,649,16328.0,208.0,"Caqueta, Colombia",4280.316521747794,3.776549316264184
154,Casanare,Colombia,2021-04-01 04:27:05,5.7589,-71.5724,13044,305,12466.0,273.0,"Casanare, Colombia",3101.991895439758,2.338239803741184
155,Cauca,Colombia,2021-04-01 04:27:05,2.705,-76.82600000000002,28124,775,26847.0,502.0,"Cauca, Colombia",1920.3981186599003,2.755653534347888
156,Cesar,Colombia,2021-04-01 04:27:05,9.3373,-73.6536,43133,1239,41115.0,779.0,"Cesar, Colombia",3592.69815938043,2.872510606728027
157,Choco,Colombia,2021-04-01 04:27:05,5.2528,-76.82600000000002,6706,204,6406.0,96.0,"Choco, Colombia",1253.865743251076,3.0420518938264243
158,Cordoba,Colombia,2021-04-01 04:27:05,8.0493,-75.574,43023,2010,39770.0,1243.0,"Cordoba, Colombia",2410.545147505327,4.671919670873718
159,Cundinamarca,Colombia,2021-04-01 04:27:05,5.026,-74.03,110923,3066,106522.0,1335.0,"Cundinamarca, Colombia",3799.956150267552,2.764079586740352
160,Guainia,Colombia,2021-04-01 04:27:05,2.5854,-68.5247,1335,22,1308.0,5.0,"Guainia, Colombia",2774.6601820675896,1.647940074906367
161,Guaviare,Colombia,2021-04-01 04:27:05,1.0654,-73.2603,2299,40,2251.0,8.0,"Guaviare, Colombia",2777.6770935276136,1.739886907351022
162,Huila,Colombia,2021-04-01 04:27:05,2.5359,-75.5277,50915,1791,48765.0,359.0,"Huila, Colombia",4627.012702815194,3.5176274182460965
163,La Guajira,Colombia,2021-04-01 04:27:05,11.3548,-72.5205,17879,665,16841.0,373.0,"La Guajira, Colombia",2030.4124647951303,3.719447396386823
164,Magdalena,Colombia,2021-04-01 04:27:05,10.4113,-74.4057,43967,1618,40528.0,1821.0,"Magdalena, Colombia",3276.849716712404,3.6800327518366047
165,Meta,Colombia,2021-04-01 04:27:05,3.272,-73.0877,43742,999,42271.0,472.0,"Meta, Colombia",4207.086124944937,2.2838461890174204
166,Narino,Colombia,2021-04-01 04:27:05,1.2892,-77.3579,50335,1693,47843.0,799.0,"Narino, Colombia",3086.915672344768,3.363464785934241
167,Norte de Santander,Colombia,2021-04-01 04:27:05,7.9463,-72.8988,51927,2764,48486.0,677.0,"Norte de Santander, Colombia",3481.087545728365,5.322857087834845
168,Putumayo,Colombia,2021-04-01 04:27:05,0.436,-75.5277,8204,324,7732.0,148.0,"Putumayo, Colombia",2356.238978465285,3.949293027791321
169,Quindio,Colombia,2021-04-01 04:27:05,4.461,-75.6674,34536,1021,33016.0,499.0,"Quindio, Colombia",6396.692745376956,2.9563354181144312
170,Risaralda,Colombia,2021-04-01 04:27:05,5.3158,-75.9928,48878,1213,46718.0,947.0,"Risaralda, Colombia",5181.041783928574,2.481689103482139
171,San Andres y Providencia,Colombia,2021-04-01 04:27:05,12.5567,-81.7185,2758,45,2700.0,13.0,"San Andres y Providencia, Colombia",4500.65274151436,1.6316171138506164
172,Santander,Colombia,2021-04-01 04:27:05,6.6437,-73.6536,94452,3490,89317.0,1645.0,"Santander, Colombia",4323.068494354498,3.6949985177656375
173,Sucre,Colombia,2021-04-01 04:27:05,8.814,-74.7233,22914,849,21508.0,557.0,"Sucre, Colombia",2532.317046889971,3.705158418434145
174,Tolima,Colombia,2021-04-01 04:27:05,4.0925,-75.1545,66546,2150,63596.0,800.0,"Tolima, Colombia",5002.755251705212,3.2308478345805907
175,Unknown,Colombia,2021-04-01 04:27:05,,,0,0,0.0,0.0,"Unknown, Colombia",,
176,Valle del Cauca,Colombia,2021-04-01 04:27:05,3.8009,-76.6413,208396,6565,197183.0,4648.0,"Valle del Cauca, Colombia",4655.972024309824,3.150252404076854
177,Vaupes,Colombia,2021-04-01 04:27:05,0.8554,-70.812,1161,13,1141.0,7.0,"Vaupes, Colombia",2845.797485109199,1.119724375538329
178,Vichada,Colombia,2021-04-01 04:27:05,4.4234,-69.2878,1440,23,1397.0,20.0,"Vichada, Colombia",1335.7079252003562,1.5972222222222223
179,,Comoros,2021-04-01 04:27:05,-11.6455,43.3333,3696,146,3525.0,25.0,Comoros,425.02544287858143,3.95021645021645
180,,Congo (Brazzaville),2021-04-01 04:27:05,-0.228,15.8277,9681,135,8208.0,1338.0,Congo (Brazzaville),175.44107637205033,1.394484040904865
181,,Congo (Kinshasa),2021-04-01 04:27:05,-4.0383,21.7587,28142,743,25444.0,1955.0,Congo (Kinshasa),31.42201745743066,2.640181934475162
182,,Costa Rica,2021-04-01 04:27:05,9.7489,-83.7534,216764,2957,192699.0,21108.0,Costa Rica,4255.185494474604,1.364156409735934
183,,Cote d'Ivoire,2021-04-01 04:27:05,7.54,-5.5471,43889,244,40254.0,3391.0,Cote d'Ivoire,166.38313157323594,0.5559479596254187
184,,Croatia,2021-04-01 04:27:05,45.1,15.2,271632,5947,254379.0,11306.0,Croatia,6616.669118800526,2.189359132944572
185,,Cuba,2021-04-01 04:27:05,21.521757,-77.78116700000002,75263,424,70614.0,4225.0,Cuba,664.4791348095495,0.5633578252262068
186,,Cyprus,2021-04-01 04:27:05,35.1264,33.4299,46105,257,2057.0,43791.0,Cyprus,3818.6590423245407,0.5574232729638868
187,,Czechia,2021-04-01 04:27:05,49.8175,15.473,1532332,26421,1366461.0,139450.0,Czechia,14308.848404077997,1.7242346958753063
188,Faroe Islands,Denmark,2021-04-01 04:27:05,61.8926,-6.9118,661,1,660.0,0.0,"Faroe Islands, Denmark",1352.7064360994575,0.151285930408472
189,Greenland,Denmark,2021-04-01 04:27:05,71.7069,-42.6043,31,0,31.0,0.0,"Greenland, Denmark",54.604382442048895,0.0
190,,Denmark,2021-04-01 04:27:05,56.2639,9.5018,230603,2419,218985.0,9199.0,Denmark,3950.566820158867,1.04898895504395
191,,Diamond Princess,2021-04-01 04:27:05,,,712,13,699.0,0.0,Diamond Princess,,1.8258426966292127
192,,Djibouti,2021-04-01 04:27:05,11.8251,42.5903,8002,70,6460.0,1472.0,Djibouti,809.9173888311967,0.8747813046738315
193,,Dominica,2021-04-01 04:27:05,15.415,-61.371,161,0,153.0,8.0,Dominica,223.6390659943604,0.0
194,,Dominican Republic,2021-04-01 04:27:05,18.7357,-70.1627,252727,3325,212156.0,37246.0,Dominican Republic,2329.7311628126504,1.3156489017793904
195,,Ecuador,2021-04-01 04:27:05,-1.8312,-78.1834,328755,16847,281684.0,30224.0,Ecuador,1863.367239016361,5.124484798710286
196,,Egypt,2021-04-01 04:27:05,26.820553000000004,30.802498,202131,11995,154694.0,35442.0,Egypt,197.52008520536344,5.934270349426857
197,,El Salvador,2021-04-01 04:27:05,13.7942,-88.8965,64726,2006,61640.0,1080.0,El Salvador,997.9030868762778,3.0992182430553408
198,,Equatorial Guinea,2021-04-01 04:27:05,1.6508,10.2679,6914,102,6495.0,317.0,Equatorial Guinea,492.8064091918303,1.4752675730402085
199,,Eritrea,2021-04-01 04:27:05,15.1794,39.7823,3285,10,3029.0,246.0,Eritrea,92.62843983536104,0.30441400304414
200,,Estonia,2021-04-01 04:27:05,58.5953,25.0136,106424,902,81859.0,23663.0,Estonia,8022.68157965955,0.8475531834924454
201,,Eswatini,2021-04-01 04:27:05,-26.5225,31.4659,17337,667,16528.0,142.0,Eswatini,1494.357694257019,3.8472630789640654
202,,Ethiopia,2021-04-01 04:27:05,9.145,40.4897,206589,2865,158109.0,45615.0,Ethiopia,179.69951406264016,1.3868114952877453
203,,Fiji,2021-04-01 04:27:05,-17.7134,178.065,67,2,64.0,1.0,Fiji,7.473974949913212,2.985074626865672
204,,Finland,2021-04-01 04:27:05,61.92411,25.748151,77452,844,46000.0,30608.0,Finland,1397.869373608258,1.0897071734751846
205,French Guiana,France,2021-04-01 04:27:05,4.0,-53.0,16922,89,9995.0,6838.0,"French Guiana, France",5665.557348618263,0.5259425599810897
206,French Polynesia,France,2021-04-01 04:27:05,-17.6797,-149.4068,18627,141,4842.0,13644.0,"French Polynesia, France",6631.091048899268,0.7569656949589306
207,Guadeloupe,France,2021-04-01 04:27:05,16.265,-61.551,11512,173,2242.0,9097.0,"Guadeloupe, France",2877.086525028304,1.5027797081306462
208,Martinique,France,2021-04-01 04:27:05,14.6415,-61.0242,7679,50,98.0,7531.0,"Martinique, France",2046.287290314844,0.6511264487563485
209,Mayotte,France,2021-04-01 04:27:05,-12.8275,45.166244,19408,161,2964.0,16283.0,"Mayotte, France",7114.030489749389,0.8295548227535037
210,New Caledonia,France,2021-04-01 04:27:05,-20.904305,165.618042,121,0,58.0,63.0,"New Caledonia, France",42.38312241016354,0.0
211,Reunion,France,2021-04-01 04:27:05,-21.1151,55.5364,16586,115,14828.0,1643.0,"Reunion, France",1852.546833045164,0.6933558422766188
212,Saint Barthelemy,France,2021-04-01 04:27:05,17.9,-62.8333,857,1,462.0,394.0,"Saint Barthelemy, France",8669.701568032373,0.116686114352392
213,Saint Pierre and Miquelon,France,2021-04-01 04:27:05,46.8852,-56.3159,24,0,24.0,0.0,"Saint Pierre and Miquelon, France",414.1501294219154,0.0
214,St Martin,France,2021-04-01 04:27:05,18.0708,-63.0501,1657,12,1399.0,246.0,"St Martin, France",4286.194676530691,0.724200362100181
215,Wallis and Futuna,France,2021-04-01 04:27:05,-14.2938,-178.1165,401,4,44.0,353.0,"Wallis and Futuna, France",2622.800706390215,0.9975062344139652
216,,France,2021-04-01 04:27:05,46.2276,2.2137,4611392,95052,264511.0,4251829.0,France,7067.284437757191,2.0612431127087008
217,,Gabon,2021-04-01 04:27:05,-0.8037,11.6094,19550,118,16609.0,2823.0,Gabon,878.3642924921644,0.6035805626598465
218,,Gambia,2021-04-01 04:27:05,13.4432,-15.3101,5459,165,5070.0,224.0,Gambia,225.88990443023937,3.022531599193992
219,,Georgia,2021-04-01 04:27:05,42.3154,43.3569,281761,3778,273167.0,4816.0,Georgia,7063.139621600958,1.3408527085011763
220,Baden-Wurttemberg,Germany,2021-04-01 04:27:05,48.6616,9.3501,365009,8704,329300.0,27005.0,"Baden-Wurttemberg, Germany",3287.4681292326795,2.38459873592158
221,Bavaria,Germany,2021-04-01 04:27:05,48.7904,11.4979,500549,13264,451300.0,35985.0,"Bayern, Germany",3809.300068347602,2.6498904203184903
222,Berlin,Germany,2021-04-01 04:27:05,52.52,13.405,146268,3055,134400.0,8813.0,"Berlin, Germany",3991.934691524876,2.088631826510241
223,Brandenburg,Germany,2021-04-01 04:27:05,52.4125,12.5316,88464,3306,78140.0,7018.0,"Brandenburg, Germany",3495.121235239944,3.737113402061856
224,Bremen,Germany,2021-04-01 04:27:05,53.0793,8.8017,20979,407,19040.0,1532.0,"Bremen, Germany",3084.5573640333464,1.9400352733686064
225,Hamburg,Germany,2021-04-01 04:27:05,53.5511,9.9937,61268,1382,53370.0,6516.0,"Hamburg, Germany",3307.353717561018,2.255663641705295
226,Hessen,Germany,2021-04-01 04:27:05,50.6521,9.1624,219484,6338,194800.0,18346.0,"Hessen, Germany",3487.662942937675,2.887682017823623
227,Mecklenburg-Vorpommern,Germany,2021-04-01 04:27:05,53.6127,12.4296,30658,867,26910.0,2881.0,"Mecklenburg-Vorpommern, Germany",1903.3085957434128,2.827973122839063
228,Niedersachsen,Germany,2021-04-01 04:27:05,52.6367,9.8451,198107,4880,177600.0,15627.0,"Niedersachsen, Germany",2475.279008813856,2.463315279116841
229,Nordrhein-Westfalen,Germany,2021-04-01 04:27:05,51.4332,7.6616,612947,14230,551400.0,47317.0,"Nordrhein-Westfalen, Germany",3419.4003314817883,2.3215710330583232
230,Rheinland-Pfalz,Germany,2021-04-01 04:27:05,50.1183,7.309,116799,3328,104800.0,8671.0,"Rheinland-Pfalz, Germany",2849.8744995292054,2.849339463522804
231,Saarland,Germany,2021-04-01 04:27:05,49.3964,7.023,31968,940,29590.0,1438.0,"Saarland, Germany",3248.81020253234,2.9404404404404403
232,Sachsen,Germany,2021-04-01 04:27:05,51.1045,13.2017,222287,8373,197600.0,16314.0,"Sachsen, Germany",5479.177537952856,3.766751991794392
233,Sachsen-Anhalt,Germany,2021-04-01 04:27:05,51.9503,11.6923,73326,2742,64430.0,6154.0,"Sachsen-Anhalt, Germany",3362.5229515142955,3.739464855576467
234,Schleswig-Holstein,Germany,2021-04-01 04:27:05,54.2194,9.6961,49996,1436,44490.0,4070.0,"Schleswig-Holstein, Germany",1717.5591531755915,2.8722297783822706
235,Thuringen,Germany,2021-04-01 04:27:05,51.011,10.8453,95394,3337,82490.0,9567.0,"Thuringen, Germany",4499.214002962876,3.498123571713106
236,Unknown,Germany,2021-04-01 04:27:05,,,10141,0,0.0,10141.0,"Unknown, Germany",,0.0
237,,Ghana,2021-04-01 04:27:05,7.9465,-1.0232,90583,743,88065.0,1775.0,Ghana,291.517266869941,0.8202422088029763
238,,Greece,2021-04-01 04:27:05,39.0742,21.8243,263689,8093,93764.0,161832.0,Greece,2529.862642971505,3.069145849845841
239,,Grenada,2021-04-01 04:27:05,12.1165,-61.679,155,1,152.0,2.0,Grenada,137.7545125712102,0.6451612903225806
240,,Guatemala,2021-04-01 04:27:05,15.7835,-90.2308,193834,6840,177235.0,9759.0,Guatemala,1081.9305914236486,3.528792678271098
241,,Guinea,2021-04-01 04:27:05,9.9456,-9.6966,19908,125,16619.0,3164.0,Guinea,151.59000462354084,0.6278882861161342
242,,Guinea-Bissau,2021-04-01 04:27:05,11.8037,-15.1804,3650,63,2972.0,615.0,Guinea-Bissau,185.46766815819936,1.726027397260274
243,,Guyana,2021-04-01 04:27:05,4.860416000000002,-58.93018000000001,10249,231,9098.0,920.0,Guyana,1303.0173197433378,2.2538784271636256
244,,Haiti,2021-04-01 04:27:05,18.9712,-72.2852,12758,252,11043.0,1463.0,Haiti,111.88742010218256,1.97523122746512
245,,Holy See,2021-04-01 04:27:05,41.9029,12.4534,27,0,15.0,12.0,Holy See,3337.453646477132,0.0
246,,Honduras,2021-04-01 04:27:05,15.2,-86.2419,189043,4605,72732.0,111706.0,Honduras,1908.636868819039,2.435953724813931
247,,Hungary,2021-04-01 04:27:05,47.1625,19.5033,652433,20737,406935.0,224761.0,Hungary,6753.720103308886,3.1784106567264376
248,,Iceland,2021-04-01 04:27:05,64.9631,-19.0208,6205,29,6058.0,118.0,Iceland,1818.3150183150185,0.467365028203062
249,Andaman and Nicobar Islands,India,2021-04-01 04:27:05,11.225999,92.968178,5083,62,4976.0,45.0,"Andaman and Nicobar Islands, India",1218.839620560335,1.21975211489278
250,Andhra Pradesh,India,2021-04-01 04:27:05,15.9129,79.74,901989,7217,887434.0,7338.0,"Andhra Pradesh, India",1673.3436427647514,0.8001206223135758
251,Arunachal Pradesh,India,2021-04-01 04:27:05,27.768456,96.384277,16845,56,16785.0,4.0,"Arunachal Pradesh, India",1072.6170327382204,0.3324428613831998
252,Assam,India,2021-04-01 04:27:05,26.357149,92.830441,218412,1105,215445.0,1862.0,"Assam, India",613.3955704657161,0.5059245828983755
253,Bihar,India,2021-04-01 04:27:05,25.679658,85.60484,265527,1576,262371.0,1580.0,"Bihar, India",212.76214538781056,0.5935366271603264
254,Chandigarh,India,2021-04-01 04:27:05,30.733839,76.76827800000002,26999,379,23702.0,2918.0,"Chandigarh, India",2330.567911379894,1.4037556946553575
255,Chhattisgarh,India,2021-04-01 04:27:05,21.264705,82.035366,349187,4170,319488.0,25529.0,"Chhattisgarh, India",1186.2490140126974,1.194202533313096
256,Dadra and Nagar Haveli and Daman and Diu,India,2021-04-01 04:27:05,20.194742,73.080901,3661,2,3482.0,177.0,"Dadra and Nagar Haveli and Daman and Diu, India",594.5845866004898,0.0546298825457525
257,Delhi,India,2021-04-01 04:27:05,28.646519,77.10898,662430,11027,642565.0,8838.0,"Delhi, India",3540.3386321636103,1.6646287154869193
258,Goa,India,2021-04-01 04:27:05,15.359682,74.057396,58039,830,55653.0,1556.0,"Goa, India",3658.881008668243,1.430072882027602
259,Gujarat,India,2021-04-01 04:27:05,22.694884,71.590923,307698,4519,290569.0,12610.0,"Gujarat, India",481.7385988586401,1.4686478300151449
260,Haryana,India,2021-04-01 04:27:05,29.20004,76.332824,290800,3155,277919.0,9726.0,"Haryana, India",1031.0341272296114,1.0849381017881703
261,Himachal Pradesh,India,2021-04-01 04:27:05,31.927213,77.233081,63605,1048,59584.0,2973.0,"Himachal Pradesh, India",853.5344080848582,1.6476692083955664
262,Jammu and Kashmir,India,2021-04-01 04:27:05,33.75943,76.612638,130960,1994,126435.0,2531.0,"Jammu and Kashmir, India",962.4938998935788,1.5226023213194868
263,Jharkhand,India,2021-04-01 04:27:05,23.654536,85.557631,124201,1113,120263.0,2825.0,"Jharkhand, India",321.8147052486053,0.8961280504987883
264,Karnataka,India,2021-04-01 04:27:05,14.70518,76.166436,997004,12567,956170.0,28267.0,"Karnataka, India",1475.6725332086412,1.2604763872562197
265,Kerala,India,2021-04-01 04:27:05,10.450898,76.405749,1124584,4621,1094404.0,25559.0,"Kerala, India",3150.1443874068286,0.4109075000177843
266,Ladakh,India,2021-04-01 04:27:05,34.1526,77.5771,10157,130,9771.0,256.0,"Ladakh, India",3703.028557470405,1.2799054839027273
267,Lakshadweep,India,2021-04-01 04:27:05,13.6999972,72.18333259999999,723,1,680.0,42.0,"Lakshadweep, India",1122.1654844867994,0.1383125864453665
268,Madhya Pradesh,India,2021-04-01 04:27:05,23.541513,78.289633,295511,3986,274429.0,17096.0,"Madhya Pradesh, India",346.1979652635198,1.3488499582079856
269,Maharashtra,India,2021-04-01 04:27:05,19.449759,76.108221,2812980,54649,2400727.0,357604.0,"Maharashtra, India",2284.2971691818625,1.9427439939139275
270,Manipur,India,2021-04-01 04:27:05,24.738975,93.882541,29400,374,28956.0,70.0,"Manipur, India",950.9808202694768,1.272108843537415
271,Meghalaya,India,2021-04-01 04:27:05,25.536934,91.278882,14065,150,13866.0,49.0,"Meghalaya, India",417.7669000299996,1.066477070742979
272,Mizoram,India,2021-04-01 04:27:05,23.309381,92.83822,4476,11,4434.0,31.0,"Mizoram, India",361.1879500727863,0.2457551385165326
273,Nagaland,India,2021-04-01 04:27:05,26.06702,94.470302,12340,92,12136.0,112.0,"Nagaland, India",548.5187992150047,0.7455429497568882
274,Odisha,India,2021-04-01 04:27:05,20.505428,84.418059,340917,1921,337091.0,1905.0,"Odisha, India",735.4270076663095,0.5634802605912876
275,Puducherry,India,2021-04-01 04:27:05,11.882658,78.86498,41468,682,39712.0,1074.0,"Puducherry, India",2933.6234791750085,1.6446416513938458
276,Punjab,India,2021-04-01 04:27:05,30.841465000000003,75.40879,239734,6868,209034.0,23832.0,"Punjab, India",795.3652277220417,2.8648418664019286
277,Rajasthan,India,2021-04-01 04:27:05,26.583423,73.847973,333149,2818,321668.0,8663.0,"Rajasthan, India",411.1291432029363,0.8458677648739753
278,Sikkim,India,2021-04-01 04:27:05,27.571671,88.472712,6235,135,6053.0,47.0,"Sikkim, India",903.2945986315124,2.165196471531676
279,Tamil Nadu,India,2021-04-01 04:27:05,11.006091,78.400624,886673,12719,858075.0,15879.0,"Tamil Nadu, India",1139.0783246115457,1.4344634380431118
280,Telangana,India,2021-04-01 04:27:05,18.1124,79.0193,308776,1701,301564.0,5511.0,"Telangana, India",784.4374216708333,0.5508847837914864
281,Tripura,India,2021-04-01 04:27:05,23.746783,91.743565,33517,392,33065.0,60.0,"Tripura, India",803.8046963471097,1.1695557478294596
282,Unknown,India,2021-04-01 04:27:05,,,0,0,0.0,0.0,"Unknown, India",,
283,Uttar Pradesh,India,2021-04-01 04:27:05,26.925425,80.560982,617194,8811,598535.0,9848.0,"Uttar Pradesh, India",259.4530561225074,1.4275900284189411
284,Uttarakhand,India,2021-04-01 04:27:05,30.156447,79.197608,100411,1717,96831.0,1863.0,"Uttarakhand, India",892.4741561932432,1.709972015018275
285,West Bengal,India,2021-04-01 04:27:05,23.814082,87.979803,586915,10329,570811.0,5775.0,"West Bengal, India",589.2170533509305,1.7598800507739625
286,,Indonesia,2021-04-01 04:27:05,-0.7893,113.9213,1511712,40858,1348330.0,122524.0,Indonesia,552.6806037713284,2.7027634893418853
287,,Iran,2021-04-01 04:27:05,32.427908,53.68804599999999,1885564,62665,1617333.0,205566.0,Iran,2244.9073793131192,3.3234088050047625
288,,Iraq,2021-04-01 04:27:05,33.223191,43.679291,850924,14323,759560.0,77041.0,Iraq,2115.542138190654,1.68322905453366
289,,Ireland,2021-04-01 04:27:05,53.1424,-7.6921,235854,4687,23364.0,207803.0,Ireland,4776.503525054498,1.98724634731656
290,,Israel,2021-04-01 04:27:05,31.046051,34.851612,833105,6209,819665.0,7231.0,Israel,9625.106044786802,0.7452842078729572
291,Abruzzo,Italy,2021-04-01 04:27:05,42.35122196,13.39843823,65237,2136,52969.0,10132.0,"Abruzzo, Italy",4973.924579514784,3.2742155525238745
292,Basilicata,Italy,2021-04-01 04:27:05,40.63947052,15.80514834,19458,443,14241.0,4774.0,"Basilicata, Italy",3456.932252442398,2.27669853016754
293,Calabria,Italy,2021-04-01 04:27:05,38.90597598,16.59440194,46958,819,35814.0,10325.0,"Calabria, Italy",2411.6507826129828,1.74411175944461
294,Campania,Italy,2021-04-01 04:27:05,40.83956555,14.25084984,337289,5363,238809.0,93117.0,"Campania, Italy",5813.631609537356,1.5900311009253192
295,Emilia-Romagna,Italy,2021-04-01 04:27:05,44.49436681,11.3417208,335820,11917,251468.0,72435.0,"Emilia-Romagna, Italy",7530.479471023172,3.548627240783753
296,Friuli Venezia Giulia,Italy,2021-04-01 04:27:05,45.6494354,13.76813649,97490,3307,78986.0,15197.0,"Friuli Venezia Giulia, Italy",8022.415694277579,3.3921427838752694
297,Lazio,Italy,2021-04-01 04:27:05,41.89277044,12.48366722,285447,6644,227752.0,51051.0,"Lazio, Italy",4855.298837471564,2.327577448703262
298,Liguria,Italy,2021-04-01 04:27:05,44.41149315,8.9326992,89324,3879,78350.0,7095.0,"Liguria, Italy",5760.460197079916,4.342617885450719
299,Lombardia,Italy,2021-04-01 04:27:05,45.46679409,9.190347404,735484,30735,608894.0,95855.0,"Lombardia, Italy",7310.55703183536,4.178880845810378
300,Marche,Italy,2021-04-01 04:27:05,43.61675973,13.5188753,88370,2621,76382.0,9367.0,"Marche, Italy",5793.7245250188325,2.965938666968428
301,Molise,Italy,2021-04-01 04:27:05,41.55774754,14.65916051,12270,438,10966.0,866.0,"Molise, Italy",4014.8290180192857,3.569682151589242
302,P.A. Bolzano,Italy,2021-04-01 04:27:05,46.49933453,11.35662422,68954,1126,67142.0,686.0,"P.A. Bolzano, Italy",12953.535292813694,1.632972706441976
303,P.A. Trento,Italy,2021-04-01 04:27:05,46.06893511,11.12123097,41231,1282,37086.0,2863.0,"P.A. Trento, Italy",7615.372965065809,3.1093109553491307
304,Piemonte,Italy,2021-04-01 04:27:05,45.0732745,7.680687483,309280,10308,263913.0,35059.0,"Piemonte, Italy",7099.430126576816,3.332902224521469
305,Puglia,Italy,2021-04-01 04:27:05,41.12559576,16.86736689,193012,4812,141343.0,46857.0,"Puglia, Italy",4790.505361929962,2.493109236731395
306,Sardegna,Italy,2021-04-01 04:27:05,39.21531192,9.110616306,45503,1234,29872.0,14397.0,"Sardegna, Italy",2775.2652948204764,2.711909104894183
307,Sicilia,Italy,2021-04-01 04:27:05,38.11569725,13.362356699999998,175354,4628,150806.0,19920.0,"Sicilia, Italy",3507.156456010741,2.639232637978033
308,Toscana,Italy,2021-04-01 04:27:05,43.76923077,11.25588885,195374,5348,161919.0,28107.0,"Toscana, Italy",5238.413026883821,2.737314074544208
309,Umbria,Italy,2021-04-01 04:27:05,43.10675841,12.38824698,50908,1256,44846.0,4806.0,"Umbria, Italy",5771.783926577213,2.467195725622692
310,Valle d'Aosta,Italy,2021-04-01 04:27:05,45.73750286,7.320149366,9298,425,7971.0,902.0,"Valle d'Aosta, Italy",7398.978243916414,4.570875457087546
311,Veneto,Italy,2021-04-01 04:27:05,45.43490485,12.33845213,382838,10625,333516.0,38697.0,"Veneto, Italy",7803.697378682692,2.7753253334308505
312,,Jamaica,2021-04-01 04:27:05,18.1096,-77.2975,39237,596,17598.0,21043.0,Jamaica,1325.0545985172707,1.5189744373932768
313,Aichi,Japan,2021-04-01 04:27:05,35.035551,137.211621,27394,583,25985.0,826.0,"Aichi, Japan",362.726868151286,2.1282032561874864
314,Akita,Japan,2021-04-01 04:27:05,39.748679,140.408228,283,6,271.0,6.0,"Akita, Japan",29.281213463150163,2.120141342756184
315,Aomori,Japan,2021-04-01 04:27:05,40.781541,140.828896,1031,20,870.0,141.0,"Aomori, Japan",82.72015314862108,1.939864209505335
316,Chiba,Japan,2021-04-01 04:27:05,35.510141,140.198917,29698,568,27828.0,1302.0,"Chiba, Japan",474.4557849321227,1.9125867061755
317,Ehime,Japan,2021-04-01 04:27:05,33.624835,132.856842,1367,24,1053.0,290.0,"Ehime, Japan",102.07472287870132,1.7556693489392832
318,Fukui,Japan,2021-04-01 04:27:05,35.846614,136.22465400000002,589,25,526.0,38.0,"Fukui, Japan",76.69900004818103,4.244482173174872
319,Fukuoka,Japan,2021-04-01 04:27:05,33.526032,130.666949,19014,332,18255.0,427.0,"Fukuoka, Japan",372.5547786214611,1.7460818344377826
320,Fukushima,Japan,2021-04-01 04:27:05,37.378867,140.223295,2499,113,2110.0,276.0,"Fukushima, Japan",135.4090637918114,4.521808723489396
321,Gifu,Japan,2021-04-01 04:27:05,35.778671,137.055925,4841,125,4690.0,26.0,"Gifu, Japan",243.68426854701053,2.58211113406321
322,Gunma,Japan,2021-04-01 04:27:05,36.504479,138.985605,5007,99,4710.0,198.0,"Gunma, Japan",257.76645648601567,1.977231875374476
323,Hiroshima,Japan,2021-04-01 04:27:05,34.605309000000005,132.788719,5172,106,4961.0,105.0,"Hiroshima, Japan",184.4391420370397,2.0494972931167825
324,Hokkaido,Japan,2021-04-01 04:27:05,43.385711,142.552318,20994,749,19413.0,832.0,"Hokkaido, Japan",399.88198205388176,3.5676860055253883
325,Hyogo,Japan,2021-04-01 04:27:05,35.039913,134.828057,20058,591,18014.0,1453.0,"Hyogo, Japan",366.94663010250287,2.946455279688902
326,Ibaraki,Japan,2021-04-01 04:27:05,36.303588,140.319591,6740,127,6264.0,349.0,"Ibaraki, Japan",235.63904154344272,1.8842729970326408
327,Ishikawa,Japan,2021-04-01 04:27:05,36.769464,136.771027,1911,64,1824.0,23.0,"Ishikawa, Japan",167.97799672834063,3.349031920460492
328,Iwate,Japan,2021-04-01 04:27:05,39.593287,141.361777,621,30,550.0,41.0,"Iwate, Japan",50.61883770671397,4.830917874396135
329,Kagawa,Japan,2021-04-01 04:27:05,34.217292,133.969047,836,19,752.0,65.0,"Kagawa, Japan",87.41596930821134,2.272727272727273
330,Kagoshima,Japan,2021-04-01 04:27:05,31.009484000000004,130.430665,1830,28,1771.0,31.0,"Kagoshima, Japan",114.21274651697932,1.530054644808743
331,Kanagawa,Japan,2021-04-01 04:27:05,35.415312,139.338983,48069,785,46334.0,950.0,"Kanagawa, Japan",522.5875132144442,1.63306912979259
332,Kochi,Japan,2021-04-01 04:27:05,33.422519,133.367307,917,19,886.0,12.0,"Kochi, Japan",131.3699001044369,2.0719738276990185
333,Kumamoto,Japan,2021-04-01 04:27:05,32.608154,130.74523100000002,3506,74,3407.0,25.0,"Kumamoto, Japan",200.6217787358081,2.110667427267541
334,Kyoto,Japan,2021-04-01 04:27:05,35.253815,135.443341,9517,169,9079.0,269.0,"Kyoto, Japan",368.4536753805813,1.7757696753178522
335,Mie,Japan,2021-04-01 04:27:05,34.508018,136.376013,2753,70,2627.0,56.0,"Mie, Japan",154.58632295682702,2.542680711950599
336,Miyagi,Japan,2021-04-01 04:27:05,38.446859,140.927086,6035,31,4372.0,1632.0,"Miyagi, Japan",261.66716889997895,0.5136702568351285
337,Miyazaki,Japan,2021-04-01 04:27:05,32.193203999999994,131.299374,1962,22,1924.0,16.0,"Miyazaki, Japan",182.80053778017532,1.1213047910295617
338,Nagano,Japan,2021-04-01 04:27:05,36.132134,138.045528,2796,41,2513.0,242.0,"Nagano, Japan",136.4707949570234,1.4663805436337625
339,Nagasaki,Japan,2021-04-01 04:27:05,33.235712,129.608033,1634,39,1577.0,18.0,"Nagasaki, Japan",123.17907553877652,2.386780905752754
340,Nara,Japan,2021-04-01 04:27:05,34.317451,135.871644,3691,55,3433.0,203.0,"Nara, Japan",277.4931340936139,1.490111081007857
341,Niigata,Japan,2021-04-01 04:27:05,37.521819,138.918647,1461,18,1237.0,206.0,"Niigata, Japan",65.71886360794312,1.2320328542094456
342,Oita,Japan,2021-04-01 04:27:05,33.200697,131.43323999999998,1309,22,1277.0,10.0,"Oita, Japan",115.2863134272886,1.680672268907563
343,Okayama,Japan,2021-04-01 04:27:05,34.89246,133.826252,2693,35,2524.0,134.0,"Okayama, Japan",142.5179907133097,1.2996658002228
344,Okinawa,Japan,2021-04-01 04:27:05,25.768923,126.668016,9482,128,8622.0,732.0,"Okinawa, Japan",652.5054226352356,1.3499261759122547
345,Osaka,Japan,2021-04-01 04:27:05,34.620965000000005,135.507481,52201,1184,47254.0,3763.0,"Osaka, Japan",592.5627085636045,2.2681557824562746
346,Port Quarantine,Japan,2021-04-01 04:27:05,,,2402,3,2274.0,125.0,"Port Quarantine, Japan",,0.1248959200666111
347,Saga,Japan,2021-04-01 04:27:05,33.286977,130.115738,1189,13,1160.0,16.0,"Saga, Japan",145.9413215238287,1.0933557611438185
348,Saitama,Japan,2021-04-01 04:27:05,35.997101,139.347635,32825,700,30655.0,1470.0,"Saitama, Japan",446.6172940828957,2.1325209444021325
349,Shiga,Japan,2021-04-01 04:27:05,35.21582700000001,136.138064,2770,55,2617.0,98.0,"Shiga, Japan",195.90605844790065,1.985559566787004
350,Shimane,Japan,2021-04-01 04:27:05,35.07076,132.55406399999998,287,0,285.0,2.0,"Shimane, Japan",42.55975419146847,0.0
351,Shizuoka,Japan,2021-04-01 04:27:05,34.916975,138.40778400000002,5715,118,5346.0,251.0,"Shizuoka, Japan",156.85346729872805,2.064741907261592
352,Tochigi,Japan,2021-04-01 04:27:05,36.689912,139.819213,4638,70,4349.0,219.0,"Tochigi, Japan",239.81509728592184,1.5092712376024149
353,Tokushima,Japan,2021-04-01 04:27:05,33.919178,134.242091,535,18,445.0,72.0,"Tokushima, Japan",73.4913328305702,3.364485981308411
354,Tokyo,Japan,2021-04-01 04:27:05,35.711343,139.446921,120986,1770,115690.0,3526.0,"Tokyo, Japan",869.1109036976184,1.462979187674607
355,Tottori,Japan,2021-04-01 04:27:05,35.359069,133.863619,260,2,205.0,53.0,"Tottori, Japan",46.79979408090605,0.7692307692307693
356,Toyama,Japan,2021-04-01 04:27:05,36.637464,137.26934599999998,938,29,887.0,22.0,"Toyama, Japan",89.88962167777349,3.091684434968017
357,Unknown,Japan,2021-04-01 04:27:05,,,8,0,8.0,0.0,"Unknown, Japan",,0.0
358,Wakayama,Japan,2021-04-01 04:27:05,33.911879,135.505446,1287,18,1151.0,118.0,"Wakayama, Japan",139.1452137614292,1.3986013986013983
359,Yamagata,Japan,2021-04-01 04:27:05,38.448396,140.102154,948,17,596.0,335.0,"Yamagata, Japan",87.96788615396608,1.7932489451476794
360,Yamaguchi,Japan,2021-04-01 04:27:05,34.201190000000004,131.573293,1418,43,1349.0,26.0,"Yamaguchi, Japan",104.39243309460988,3.0324400564174896
361,Yamanashi,Japan,2021-04-01 04:27:05,35.612364,138.61148899999998,969,19,938.0,12.0,"Yamanashi, Japan",119.48860357405334,1.96078431372549
362,,Jordan,2021-04-01 04:27:05,31.24,36.51,611577,6858,513144.0,91575.0,Jordan,5994.00772703305,1.1213632952187542
363,,Kazakhstan,2021-04-01 04:27:05,48.0196,66.9237,297472,5912,268564.0,22996.0,Kazakhstan,1584.2607545614894,1.9874139414802063
364,,Kenya,2021-04-01 04:27:05,-0.0236,37.9062,134058,2153,92679.0,39226.0,Kenya,249.31143565433604,1.6060212743737785
365,,South Korea,2021-04-01 04:27:05,35.90775700000001,127.766922,103639,1735,95439.0,6465.0,South Korea,202.14677499346928,1.674080220766314
366,,Kosovo,2021-04-01 04:27:05,42.602636,20.902977,89181,1866,74186.0,13129.0,Kosovo,4926.130959154116,2.0923739361523195
367,,Kuwait,2021-04-01 04:27:05,29.31166,47.481766,232103,1313,216580.0,14210.0,Kuwait,5434.950848401018,0.5656971258449912
368,,Kyrgyzstan,2021-04-01 04:27:05,41.20438,74.766098,88538,1500,84897.0,2141.0,Kyrgyzstan,1357.072470747714,1.6941878063656284
369,,Laos,2021-04-01 04:27:05,19.85627,102.495496,49,0,45.0,4.0,Laos,0.6734880468241877,0.0
370,,Latvia,2021-04-01 04:27:05,56.8796,24.6032,102363,1899,93631.0,6833.0,Latvia,5426.937305760464,1.8551625098912687
371,,Lebanon,2021-04-01 04:27:05,33.8547,35.8623,468400,6234,370687.0,91479.0,Lebanon,6862.559230596348,1.3309137489325362
372,,Lesotho,2021-04-01 04:27:05,-29.61,28.2336,10706,315,4471.0,5920.0,Lesotho,499.7544639939652,2.942275359611433
373,,Liberia,2021-04-01 04:27:05,6.4280550000000005,-9.429499,2053,85,1899.0,69.0,Liberia,40.5917578366511,4.140282513395031
374,,Libya,2021-04-01 04:27:05,26.3351,17.228331,158957,2667,147147.0,9143.0,Libya,2313.35119607142,1.6778122385299168
375,,Liechtenstein,2021-04-01 04:27:05,47.14,9.55,2753,56,2568.0,129.0,Liechtenstein,7218.711487531793,2.03414456956048
376,,Lithuania,2021-04-01 04:27:05,55.1694,23.8813,216119,3574,199023.0,13522.0,Lithuania,7938.864728274824,1.6537185532044845
377,,Luxembourg,2021-04-01 04:27:05,49.8153,6.1296,61642,746,57092.0,3804.0,Luxembourg,9847.342390123584,1.2102138152558322
378,,MS Zaandam,2021-04-01 04:27:05,,,9,2,7.0,0.0,MS Zaandam,,22.22222222222222
379,,Madagascar,2021-04-01 04:27:05,-18.766947,46.869107,24426,418,21908.0,2100.0,Madagascar,88.20910490870705,1.711291247031851
380,,Malawi,2021-04-01 04:27:05,-13.2543,34.3015,33551,1117,30272.0,2162.0,Malawi,175.38462583942305,3.3292599326398618
381,,Maldives,2021-04-01 04:27:05,3.2028,73.2207,24079,67,21155.0,2857.0,Maldives,4454.602972571974,0.2782507579218406
382,,Mali,2021-04-01 04:27:05,17.570692,-3.996166000000001,10042,385,6830.0,2827.0,Mali,49.58808116248447,3.833897629954192
383,,Malta,2021-04-01 04:27:05,35.9375,14.3754,29033,392,27812.0,829.0,Malta,6575.410099674094,1.3501877174249992
384,,Marshall Islands,2021-04-01 04:27:05,7.1315,171.1845,4,0,4.0,0.0,Marshall Islands,6.847790731515245,0.0
385,,Mauritania,2021-04-01 04:27:05,21.0079,-10.9408,17847,449,17093.0,305.0,Mauritania,383.83451693242085,2.515828990866813
386,,Mauritius,2021-04-01 04:27:05,-20.348404,57.552152,1028,12,643.0,373.0,Mauritius,80.83241662977574,1.1673151750972763
387,Aguascalientes,Mexico,2021-04-01 04:27:05,21.8853,-102.2916,24880,2154,0.0,22726.0,"Aguascalientes, Mexico",1734.2390224691298,8.657556270096464
388,Baja California,Mexico,2021-04-01 04:27:05,30.8406,-115.2838,46404,7791,0.0,38613.0,"Baja California, Mexico",1276.6350800084074,16.78950090509439
389,Baja California Sur,Mexico,2021-04-01 04:27:05,26.0444,-111.6661,28334,1271,0.0,27063.0,"Baja California Sur, Mexico",3521.0287458307857,4.485776805251641
390,Campeche,Mexico,2021-04-01 04:27:05,19.8301,-90.5349,8958,1126,0.0,7832.0,"Campeche, Mexico",895.2476322109259,12.5697700379549
391,Chiapas,Mexico,2021-04-01 04:27:05,16.7569,-93.1292,10447,1484,0.0,8963.0,"Chiapas, Mexico",182.3094402156092,14.205034938259788
392,Chihuahua,Mexico,2021-04-01 04:27:05,28.633000000000006,-106.0691,46333,5589,0.0,40744.0,"Chihuahua, Mexico",1218.8125330956018,12.062676709904387
393,Ciudad de Mexico,Mexico,2021-04-01 04:27:05,19.4326,-99.1332,608872,30534,0.0,578338.0,"Ciudad de Mexico, Mexico",6751.258088105253,5.014847127146592
394,Coahuila,Mexico,2021-04-01 04:27:05,27.0587,-101.7068,66715,5869,0.0,60846.0,"Coahuila, Mexico",2072.718347666153,8.797122086487297
395,Colima,Mexico,2021-04-01 04:27:05,19.1223,-104.0072,10820,1142,0.0,9678.0,"Colima, Mexico",1378.075356013414,10.554528650646953
396,Durango,Mexico,2021-04-01 04:27:05,24.5593,-104.6588,32316,2259,0.0,30057.0,"Durango, Mexico",1729.0566699982237,6.990345339769774
397,Guanajuato,Mexico,2021-04-01 04:27:05,21.019,-101.2574,127725,9959,0.0,117766.0,"Guanajuato, Mexico",2050.7612583140326,7.797220591113721
398,Guerrero,Mexico,2021-04-01 04:27:05,17.4392,-99.5451,37696,4083,0.0,33613.0,"Guerrero, Mexico",1030.776735771584,10.831387945670627
399,Hidalgo,Mexico,2021-04-01 04:27:05,20.0911,-98.7624,36661,5852,0.0,30809.0,"Hidalgo, Mexico",1187.8186140938967,15.962466926706854
400,Jalisco,Mexico,2021-04-01 04:27:05,20.6595,-103.3494,82617,11354,0.0,71263.0,"Jalisco, Mexico",982.4020924426136,13.742934262924097
401,Mexico,Mexico,2021-04-01 04:27:05,19.4969,-99.7233,233538,31569,0.0,201969.0,"Mexico, Mexico",1340.0322129197104,13.517714461886287
402,Michoacan,Mexico,2021-04-01 04:27:05,19.5665,-101.7068,45250,5090,0.0,40160.0,"Michoacan, Mexico",937.7458992527252,11.248618784530386
403,Morelos,Mexico,2021-04-01 04:27:05,18.6813,-99.1013,30048,2749,0.0,27299.0,"Morelos, Mexico",1470.016995603843,9.148695420660276
404,Nayarit,Mexico,2021-04-01 04:27:05,21.7514,-104.8455,11315,1739,0.0,9576.0,"Nayarit, Mexico",878.1045049128065,15.368979231109147
405,Nuevo Leon,Mexico,2021-04-01 04:27:05,25.5922,-99.9962,119881,9029,0.0,110852.0,"Nuevo Leon, Mexico",2136.857943089966,7.531635538575754
406,Oaxaca,Mexico,2021-04-01 04:27:05,17.0732,-96.7266,43614,3242,0.0,40372.0,"Oaxaca, Mexico",1052.564766858135,7.433392947218783
407,Puebla,Mexico,2021-04-01 04:27:05,19.0414,-98.2063,78194,10252,0.0,67942.0,"Puebla, Mexico",1183.9591209019493,13.110980382126506
408,Queretaro,Mexico,2021-04-01 04:27:05,20.5888,-100.3899,64368,3879,0.0,60489.0,"Queretaro, Mexico",2823.6074427639137,6.026286353467562
409,Quintana Roo,Mexico,2021-04-01 04:27:05,19.1817,-88.4791,21302,2496,0.0,18806.0,"Quintana Roo, Mexico",1236.1461625907657,11.7172096516759
410,San Luis Potosi,Mexico,2021-04-01 04:27:05,22.1565,-100.9855,60223,4993,0.0,55230.0,"San Luis Potosi, Mexico",2101.186891647378,8.290852332165452
411,Sinaloa,Mexico,2021-04-01 04:27:05,25.1721,-107.4795,36204,5707,0.0,30497.0,"Sinaloa, Mexico",1146.9033546067792,15.76345155231466
412,Sonora,Mexico,2021-04-01 04:27:05,29.2972,-110.3309,70488,6274,0.0,64214.0,"Sonora, Mexico",2292.4827912558603,8.90080581091817
413,Tabasco,Mexico,2021-04-01 04:27:05,17.8409,-92.6189,61060,3914,0.0,57146.0,"Tabasco, Mexico",2373.763114302564,6.410088437602358
414,Tamaulipas,Mexico,2021-04-01 04:27:05,24.2669,-98.8363,54337,4654,0.0,49683.0,"Tamaulipas, Mexico",1488.439440947,8.565066161179306
415,Tlaxcala,Mexico,2021-04-01 04:27:05,19.3139,-98.2404,18478,2298,0.0,16180.0,"Tlaxcala, Mexico",1338.9748342585674,12.436410866976946
416,Unknown,Mexico,2021-04-01 04:27:05,,,0,0,1773236.0,0.0,"Unknown, Mexico",,
417,Veracruz,Mexico,2021-04-01 04:27:05,19.1738,-96.1342,57794,8852,0.0,48942.0,"Veracruz, Mexico",676.7556665435577,15.3164688375956
418,Yucatan,Mexico,2021-04-01 04:27:05,20.7099,-89.0943,35103,3348,0.0,31755.0,"Yucatan, Mexico",1553.850253508259,9.537646355012392
419,Zacatecas,Mexico,2021-04-01 04:27:05,22.7709,-102.5832,28912,2658,0.0,26254.0,"Zacatecas, Mexico",1734.970529744495,9.193414499169895
420,,Micronesia,2021-04-01 04:27:05,7.4256,150.5508,1,0,1.0,0.0,Micronesia,0.8786188112287484,0.0
421,,Moldova,2021-04-01 04:27:05,47.4116,28.3699,230241,4960,207852.0,17429.0,Moldova,5707.56350516849,2.15426444464713
422,,Monaco,2021-04-01 04:27:05,43.7333,7.4167,2288,28,2115.0,145.0,Monaco,5830.190602385078,1.2237762237762235
423,,Mongolia,2021-04-01 04:27:05,46.8625,103.8467,8841,8,5070.0,3763.0,Mongolia,269.6831154759857,0.0904875014138672
424,,Montenegro,2021-04-01 04:27:05,42.708678000000006,19.37439,91218,1274,83498.0,6446.0,Montenegro,14523.725364693297,1.396654169133285
425,,Morocco,2021-04-01 04:27:05,31.7917,-7.0926,496097,8818,483363.0,3916.0,Morocco,1344.0517480120457,1.7774749696127976
426,,Mozambique,2021-04-01 04:27:05,-18.665695,35.529562,67579,775,56409.0,10395.0,Mozambique,216.21519585313723,1.146805960431495
427,,Namibia,2021-04-01 04:27:05,-22.9576,18.4904,44139,523,41848.0,1768.0,Namibia,1737.129444656966,1.1848931783683363
428,,Nepal,2021-04-01 04:27:05,28.1667,84.25,277309,3030,272786.0,1493.0,Nepal,951.7480432310912,1.0926439459231398
429,Aruba,Netherlands,2021-04-01 04:27:05,12.5211,-69.9683,9443,86,8684.0,673.0,"Aruba, Netherlands",8844.575988610606,0.9107275230329344
430,"Bonaire, Sint Eustatius and Saba",Netherlands,2021-01-08 23:22:27,12.1784,-68.2385,196,3,180.0,13.0,"Bonaire, Sint Eustatius and Saba, Netherlands",747.492467869265,1.530612244897959
431,Curacao,Netherlands,2021-04-01 04:27:05,12.1696,-68.99,8404,35,5267.0,3102.0,"Curacao, Netherlands",5121.267519804997,0.4164683484055211
432,Drenthe,Netherlands,2021-04-01 04:27:05,52.862485,6.618435000000002,26720,324,0.0,26396.0,"Drenthe, Netherlands",5412.390972326315,1.2125748502994012
433,Flevoland,Netherlands,2021-04-01 04:27:05,52.550383,5.515162,29124,225,0.0,28899.0,"Flevoland, Netherlands",6884.764586155297,0.7725587144622992
434,Friesland,Netherlands,2021-04-01 04:27:05,53.087337,5.7925,32749,445,0.0,32304.0,"Friesland, Netherlands",5038.641017790408,1.358820116644783
435,Gelderland,Netherlands,2021-04-01 04:27:05,52.061738,5.939114,140927,1894,0.0,139033.0,"Gelderland, Netherlands",6756.003973245789,1.3439582195037147
436,Groningen,Netherlands,2021-04-01 04:27:05,53.217922,6.741514,30730,229,0.0,30501.0,"Groningen, Netherlands",5245.226724199732,0.7452001301659616
437,Limburg,Netherlands,2021-04-01 04:27:05,51.209227,5.93387,82689,1513,0.0,81176.0,"Limburg, Netherlands",7401.443428711575,1.829747608508992
438,Noord-Brabant,Netherlands,2021-04-01 04:27:05,51.561174,5.184942,200581,3003,0.0,197578.0,"Noord-Brabant, Netherlands",7826.161598623464,1.4971507769928358
439,Noord-Holland,Netherlands,2021-04-01 04:27:05,52.60090600000001,4.918688,220654,2413,0.0,218241.0,"Noord-Holland, Netherlands",7662.85573984894,1.093567304467628
440,Overijssel,Netherlands,2021-04-01 04:27:05,52.444558,6.441722,85289,1073,0.0,84216.0,"Overijssel, Netherlands",7337.281466200277,1.2580754845290718
441,Sint Maarten,Netherlands,2021-04-01 04:27:05,18.0425,-63.0548,2147,27,2078.0,42.0,"Sint Maarten, Netherlands",5006.762744274987,1.2575687005123428
442,Unknown,Netherlands,2021-04-01 04:27:05,,,2615,13,0.0,2602.0,"Unknown, Netherlands",,0.497131931166348
443,Utrecht,Netherlands,2021-04-01 04:27:05,52.084251,5.163824,99561,1190,0.0,98371.0,"Utrecht, Netherlands",7348.575545048323,1.1952471349223088
444,Zeeland,Netherlands,2021-04-01 04:27:05,51.47936,3.861559,20788,222,0.0,20566.0,"Zeeland, Netherlands",5420.769359145527,1.0679238021935733
445,Zuid-Holland,Netherlands,2021-04-01 04:27:05,51.937835,4.462114,300189,3994,0.0,296195.0,"Zuid-Holland, Netherlands",8094.192675808425,1.330495121406847
446,,New Zealand,2021-04-01 04:27:05,-40.9006,174.886,2501,26,2408.0,67.0,New Zealand,51.86393938243963,1.0395841663334666
447,,Nicaragua,2021-04-01 04:27:05,12.865416,-85.207229,6677,178,4225.0,2274.0,Nicaragua,100.7916910330869,2.665867904747641
448,,Niger,2021-04-01 04:27:05,17.607789,8.081666,5001,186,4590.0,225.0,Niger,20.65962407994237,3.719256148770246
449,,Nigeria,2021-04-01 04:27:05,9.082,8.6753,162891,2057,151648.0,9186.0,Nigeria,79.01975664674248,1.2628076443756868
450,,North Macedonia,2021-04-01 04:27:05,41.6086,21.7453,130022,3781,106979.0,19262.0,North Macedonia,6240.9162034770425,2.9079694205595974
451,,Norway,2021-04-01 04:27:05,60.472,8.4689,96079,673,17998.0,77408.0,Norway,1772.2691589860774,0.7004652421444852
452,,Oman,2021-04-01 04:27:05,21.512583,55.92325500000001,159218,1678,143966.0,13574.0,Oman,3117.8732242174965,1.0539009408483966
453,Azad Jammu and Kashmir,Pakistan,2021-04-01 04:27:05,34.027401,73.947253,12805,355,10945.0,1505.0,"Azad Jammu and Kashmir, Pakistan",316.53501809230613,2.772354549004296
454,Balochistan,Pakistan,2021-04-01 04:27:05,28.328492,65.898403,19576,208,19106.0,262.0,"Balochistan, Pakistan",158.58192632647916,1.0625255414793624
455,Gilgit-Baltistan,Pakistan,2021-04-01 04:27:05,35.792146,74.982138,5033,103,4867.0,63.0,"Gilgit-Baltistan, Pakistan",496.5547996022037,2.046493145241407
456,Islamabad,Pakistan,2021-04-01 04:27:05,33.665087,73.121219,58557,572,47584.0,10401.0,"Islamabad, Pakistan",2918.260595682587,0.976825998599655
457,Khyber Pakhtunkhwa,Pakistan,2021-04-01 04:27:05,34.485332,72.09169,88099,2363,76640.0,9096.0,"Khyber Pakhtunkhwa, Pakistan",288.6280155622392,2.682209786717216
458,Punjab,Pakistan,2021-04-01 04:27:05,30.811346,72.13913199999998,223181,6427,189856.0,26898.0,"Punjab, Pakistan",202.86887186814744,2.8797254246553248
459,Sindh,Pakistan,2021-04-01 04:27:05,26.009446,68.77680699999999,265680,4502,256276.0,4902.0,"Sindh, Pakistan",554.8171011219948,1.6945197229750075
460,,Panama,2021-04-01 04:27:05,8.538,-80.7821,355051,6114,343904.0,5033.0,Panama,8228.739065460763,1.7220061343299975
461,,Papua New Guinea,2021-04-01 04:27:05,-6.314993,143.95555,5991,60,846.0,5085.0,Papua New Guinea,66.9607904391034,1.0015022533800702
462,,Paraguay,2021-04-01 04:27:05,-23.4425,-58.4438,214667,4206,175614.0,34847.0,Paraguay,3009.6894089474563,1.9593137277737147
463,Amazonas,Peru,2021-04-01 04:27:05,-5.077253,-78.050172,23141,788,0.0,22353.0,"Amazonas, Peru",5421.977507029053,3.4052115293202543
464,Ancash,Peru,2021-04-01 04:27:05,-9.407125,-77.67179499999997,50871,4301,0.0,46570.0,"Ancash, Peru",4308.910723361003,8.454718798529614
465,Apurimac,Peru,2021-04-01 04:27:05,-14.027713,-72.975378,13616,768,0.0,12848.0,"Apurimac, Peru",3161.3652194102624,5.640423031727379
466,Arequipa,Peru,2021-04-01 04:27:05,-15.843524,-72.475539,65386,5841,0.0,59545.0,"Arequipa, Peru",4366.635501535996,8.933104946012907
467,Ayacucho,Peru,2021-04-01 04:27:05,-14.091648,-74.08344,22904,1390,0.0,21514.0,"Ayacucho, Peru",3427.7162526189763,6.068808941669578
468,Cajamarca,Peru,2021-04-01 04:27:05,-6.430284,-78.74559599999998,40289,2442,0.0,37847.0,"Cajamarca, Peru",2771.4796725596752,6.061207773834049
469,Callao,Peru,2021-04-01 04:27:05,-11.954609,-77.136042,71037,7903,0.0,63134.0,"Callao, Peru",6287.01655013718,11.125188282162815
470,Cusco,Peru,2021-04-01 04:27:05,-13.191068,-72.153609,43298,2833,0.0,40465.0,"Cusco, Peru",3190.479699358927,6.54302739156543
471,Huancavelica,Peru,2021-04-01 04:27:05,-13.023888,-75.00277,10801,737,0.0,10064.0,"Huancavelica, Peru",2956.7478784560635,6.823442273863531
472,Huanuco,Peru,2021-04-01 04:27:05,-9.421676,-76.040642,26786,1967,0.0,24819.0,"Huanuco, Peru",3523.082993555176,7.34338833719107
473,Ica,Peru,2021-04-01 04:27:05,-14.235097,-75.574821,44464,5924,0.0,38540.0,"Ica, Peru",4559.474979491386,13.323137819359482
474,Junin,Peru,2021-04-01 04:27:05,-11.541783,-74.876968,50352,4386,0.0,45966.0,"Junin, Peru",3698.273962541314,8.71067683508103
475,La Libertad,Peru,2021-04-01 04:27:05,-7.92139,-78.370238,53637,6857,0.0,46780.0,"La Libertad, Peru",2659.510115033717,12.78408561254358
476,Lambayeque,Peru,2021-04-01 04:27:05,-6.353049,-79.824113,42053,6023,0.0,36030.0,"Lambayeque, Peru",3208.193469636863,14.32240268232944
477,Lima,Peru,2021-04-01 04:27:05,-11.766533,-76.60449799999998,722513,67669,0.0,654844.0,"Lima, Peru",6797.883050289316,9.365783037813852
478,Loreto,Peru,2021-04-01 04:27:05,-4.124847,-74.424115,35772,3739,0.0,32033.0,"Loreto, Peru",3481.1210587777346,10.452309068545231
479,Madre de Dios,Peru,2021-04-01 04:27:05,-11.972699,-70.53171999999998,11605,194,0.0,11411.0,"Madre de Dios, Peru",6677.215189873417,1.6716932356742784
480,Moquegua,Peru,2021-04-01 04:27:05,-16.860271,-70.839046,21704,1143,0.0,20561.0,"Moquegua, Peru",11263.103269330566,5.266310357537781
481,Pasco,Peru,2021-04-01 04:27:05,-10.39655,-75.307635,10983,668,0.0,10315.0,"Pasco, Peru",4039.352703199706,6.082126923427115
482,Piura,Peru,2021-04-01 04:27:05,-5.133361,-80.335861,57548,8300,0.0,49248.0,"Piura, Peru",2809.9609375,14.422742753875026
483,Puno,Peru,2021-04-01 04:27:05,-14.995826999999998,-69.922726,25961,2501,0.0,23460.0,"Puno, Peru",2097.011308562197,9.63368129116752
484,San Martin,Peru,2021-04-01 04:27:05,-7.039531,-76.729127,33535,2002,0.0,31533.0,"San Martin, Peru",3727.7678968430414,5.969882212613687
485,Tacna,Peru,2021-04-01 04:27:05,-17.644160999999997,-70.27756,21895,1460,0.0,20435.0,"Tacna, Peru",5901.617250673855,6.668189084265814
486,Tumbes,Peru,2021-04-01 04:27:05,-3.857496,-80.54525500000003,13372,1124,0.0,12248.0,"Tumbes, Peru",5316.8986083499,8.405623691295244
487,Ucayali,Peru,2021-04-01 04:27:05,-9.621718,-73.444929,26554,2249,0.0,24305.0,"Ucayali, Peru",4507.553895773213,8.469533780221436
488,Unknown,Peru,2021-04-01 04:27:05,,,8730,207,1468457.0,0.0,"Unknown, Peru",,2.3711340206185567
489,,Philippines,2021-04-01 04:27:05,12.879721,121.774017,747288,13297,603746.0,130245.0,Philippines,681.9498091299242,1.7793675263084647
490,,Poland,2021-04-01 04:27:05,51.9194,19.1451,2321717,53045,1861925.0,406747.0,Poland,6134.544961166266,2.284731515512011
491,,Portugal,2021-04-01 04:27:05,39.3999,-8.2245,821722,16848,778210.0,26664.0,Portugal,8058.699735120368,2.05032845658264
492,,Qatar,2021-04-01 04:27:05,25.3548,51.1839,179964,291,164121.0,15552.0,Qatar,6246.450959022027,0.1616990064679602
493,,Romania,2021-04-01 04:27:05,45.9432,24.9668,952803,23538,850672.0,78593.0,Romania,4952.795248408826,2.4703952443474675
494,Adygea Republic,Russia,2021-04-01 04:27:05,44.6939006,40.1520421,14101,163,13365.0,573.0,"Adygea Republic, Russia",3110.2219791078487,1.1559463867810793
495,Altai Krai,Russia,2021-04-01 04:27:05,52.6932243,82.69314240000001,47137,1832,42198.0,3107.0,"Altai Krai, Russia",2005.7615059912853,3.8865434796444407
496,Altai Republic,Russia,2021-04-01 04:27:05,50.7114101,86.8572186,16655,191,16268.0,196.0,"Altai Republic, Russia",7637.701031353325,1.1468027619333534
497,Amur Oblast,Russia,2021-04-01 04:27:05,52.8032368,128.437295,21887,243,20674.0,970.0,"Amur Oblast, Russia",2741.27531236536,1.1102480924749851
498,Arkhangelsk Oblast,Russia,2021-04-01 04:27:05,63.5589686,43.1221646,59687,825,55265.0,3597.0,"Arkhangelsk Oblast, Russia",5167.580353030403,1.3822105316065474
499,Astrakhan Oblast,Russia,2021-04-01 04:27:05,47.1878186,47.608851,30712,668,28814.0,1230.0,"Astrakhan Oblast, Russia",3018.336848436484,2.1750455847877053
500,Bashkortostan Republic,Russia,2021-04-01 04:27:05,54.8573563,57.1439682,32358,361,27452.0,4545.0,"Bashkortostan Republic, Russia",796.3491680270165,1.1156437357067803
501,Belgorod Oblast,Russia,2021-04-01 04:27:05,50.7080119,37.5837615,34282,562,32032.0,1688.0,"Belgorod Oblast, Russia",2211.9188889949905,1.639344262295082
502,Bryansk Oblast,Russia,2021-04-01 04:27:05,52.8873315,33.41585300000001,35646,284,34786.0,576.0,"Bryansk Oblast, Russia",2943.5615062816787,0.7967233350165517
503,Buryatia Republic,Russia,2021-04-01 04:27:05,52.7182426,109.492143,36006,785,34392.0,829.0,"Buryatia Republic, Russia",3657.2471003371215,2.180192190190524
504,Chechen Republic,Russia,2021-04-01 04:27:05,43.39761470000001,45.6985005,11657,116,11328.0,213.0,"Chechen Republic, Russia",811.2146228794953,0.9951102341940464
505,Chelyabinsk Oblast,Russia,2021-04-01 04:27:05,54.4223954,61.1865846,55396,1222,50488.0,3686.0,"Chelyabinsk Oblast, Russia",1585.898341729086,2.205935446602642
506,Chukotka Autonomous Okrug,Russia,2021-04-01 04:27:05,66.0006475,169.4900869,733,5,691.0,37.0,"Chukotka Autonomous Okrug, Russia",1485.369214557834,0.6821282401091405
507,Chuvashia Republic,Russia,2021-04-01 04:27:05,55.4259922,47.0849429,22792,1219,20796.0,777.0,"Chuvashia Republic, Russia",1851.3268844472127,5.3483678483678485
508,Dagestan Republic,Russia,2021-04-01 04:27:05,43.05749160000001,47.1332224,31050,1410,28719.0,921.0,"Dagestan Republic, Russia",1013.4192373408272,4.541062801932367
509,Ingushetia Republic,Russia,2021-04-01 04:27:05,43.11542075,45.01713552,15120,181,13403.0,1536.0,"Ingushetia Republic, Russia",3098.08766850462,1.197089947089947
510,Irkutsk Oblast,Russia,2021-04-01 04:27:05,56.6370122,104.719221,61581,2010,58655.0,916.0,"Irkutsk Oblast, Russia",2561.3978899382123,3.2639937643104204
511,Ivanovo Oblast,Russia,2021-04-01 04:27:05,56.9167446,41.43521370000001,32556,1039,31025.0,492.0,"Ivanovo Oblast, Russia",3208.606745603885,3.191424007863374
512,Jewish Autonomous Okrug,Russia,2021-04-01 04:27:05,48.57527615,132.66307460000002,4431,125,4230.0,76.0,"Jewish Autonomous Okrug, Russia",2734.948831582456,2.8210336267208307
513,Kabardino-Balkarian Republic,Russia,2021-04-01 04:27:05,43.4806048,43.5978976,22792,418,21680.0,694.0,"Kabardino-Balkarian Republic, Russia",2632.3935007876853,1.833976833976834
514,Kaliningrad Oblast,Russia,2021-04-01 04:27:05,54.7293041,21.1489473,30240,334,27903.0,2003.0,"Kaliningrad Oblast, Russia",3040.4213155251514,1.1044973544973544
515,Kalmykia Republic,Russia,2021-04-01 04:27:05,46.2313018,45.3275745,19952,315,19094.0,543.0,"Kalmykia Republic, Russia",7244.392966199853,1.5787890938251803
516,Kaluga Oblast,Russia,2021-04-01 04:27:05,54.4382773,35.5272854,32345,281,30156.0,1908.0,"Kaluga Oblast, Russia",3195.969392998016,0.868758695316123
517,Kamchatka Krai,Russia,2021-04-01 04:27:05,57.1914882,160.03838190000005,14120,201,13212.0,707.0,"Kamchatka Krai, Russia",4474.627404874555,1.4235127478753542
518,Karachay-Cherkess Republic,Russia,2021-04-01 04:27:05,43.7368326,41.7267991,19680,71,18785.0,824.0,"Karachay-Cherkess Republic, Russia",4220.413677743108,0.3607723577235772
519,Karelia Republic,Russia,2021-04-01 04:27:05,62.61940309999999,33.4920267,43859,388,41342.0,2129.0,"Karelia Republic, Russia",7045.803586919503,0.8846530928657744
520,Kemerovo Oblast,Russia,2021-04-01 04:27:05,54.53357809999999,87.342861,33258,612,32372.0,274.0,"Kemerovo Oblast, Russia",1234.1194050785991,1.8401587587948764
521,Khabarovsk Krai,Russia,2021-04-01 04:27:05,51.6312684,136.121524,50641,346,48230.0,2065.0,"Khabarovsk Krai, Russia",3812.461322801592,0.6832408522738492
522,Khakassia Republic,Russia,2021-04-01 04:27:05,53.72258845,91.44293627,21849,504,21082.0,263.0,"Khakassia Republic, Russia",4064.831920344252,2.3067417273101745
523,Khanty-Mansi Autonomous Okrug,Russia,2021-04-01 04:27:05,61.0259025,69.0982628,54175,782,52662.0,731.0,"Khanty-Mansi Autonomous Okrug, Russia",3535.666340130123,1.443470235348408
524,Kirov Oblast,Russia,2021-04-01 04:27:05,57.9665589,49.4074599,39754,324,36120.0,3310.0,"Kirov Oblast, Russia",3097.9444187282484,0.8150123258036928
525,Komi Republic,Russia,2021-04-01 04:27:05,63.9881421,54.3326073,41616,805,40420.0,391.0,"Komi Republic, Russia",4949.142141560022,1.9343521722414456
526,Kostroma Oblast,Russia,2021-04-01 04:27:05,58.424756,44.2533273,19657,390,16884.0,2383.0,"Kostroma Oblast, Russia",3055.536557007045,1.9840260467009208
527,Krasnodar Krai,Russia,2021-04-01 04:27:05,45.7684014,39.0261044,42369,2322,37232.0,2815.0,"Krasnodar Krai, Russia",756.1275078434242,5.48042200665581
528,Krasnoyarsk Krai,Russia,2021-04-01 04:27:05,63.3233807,97.0979974,66784,3162,61816.0,1806.0,"Krasnoyarsk Krai, Russia",2321.712833352512,4.734666986104457
529,Kurgan Oblast,Russia,2021-04-01 04:27:05,55.7655302,64.5632681,19221,352,17492.0,1377.0,"Kurgan Oblast, Russia",2273.2299118784867,1.8313303158004264
530,Kursk Oblast,Russia,2021-04-01 04:27:05,51.6568453,36.4852695,34014,574,30772.0,2668.0,"Kursk Oblast, Russia",3049.9346775618096,1.6875404245310754
531,Leningrad Oblast,Russia,2021-04-01 04:27:05,60.1853296,32.3925325,39866,932,37316.0,1618.0,"Leningrad Oblast, Russia",2197.90761576698,2.337831736316661
532,Lipetsk Oblast,Russia,2021-04-01 04:27:05,52.6935178,39.1122664,27606,530,24350.0,2726.0,"Lipetsk Oblast, Russia",2400.102242999267,1.9198724914873573
533,Magadan Oblast,Russia,2021-04-01 04:27:05,62.48858785,153.9903764,8255,99,8035.0,121.0,"Magadan Oblast, Russia",5729.018467496235,1.199273167777105
534,Mari El Republic,Russia,2021-04-01 04:27:05,56.5767504,47.8817512,12542,205,11672.0,665.0,"Mari El Republic, Russia",1838.105441184876,1.6345080529421143
535,Mordovia Republic,Russia,2021-04-01 04:27:05,54.4419829,44.4661144,19052,203,17039.0,1810.0,"Mordovia Republic, Russia",2366.5434454249144,1.065504933865211
536,Moscow,Russia,2021-04-01 04:27:05,55.7504461,37.6174943,1026740,16656,944738.0,65346.0,"Moscow, Russia",8209.671987326878,1.6222217893527089
537,Moscow Oblast,Russia,2021-04-01 04:27:05,55.50431579999999,38.0353929,232261,5441,190628.0,36192.0,"Moscow Oblast, Russia",3095.416268790686,2.3426231696238284
538,Murmansk Oblast,Russia,2021-04-01 04:27:05,68.00004179999999,33.9999151,49068,1080,46965.0,1023.0,"Murmansk Oblast, Russia",6511.518040440205,2.201027146001467
539,Nenets Autonomous Okrug,Russia,2021-04-01 04:27:05,68.27557185,57.1686375,1082,4,1019.0,59.0,"Nenets Autonomous Okrug, Russia",2459.258585812669,0.3696857670979667
540,Nizhny Novgorod Oblast,Russia,2021-04-01 04:27:05,55.47180329999999,44.0911594,107452,2847,101555.0,3050.0,"Nizhny Novgorod Oblast, Russia",3321.8002492926817,2.649555150206604
541,North Ossetia - Alania Republic,Russia,2021-04-01 04:27:05,42.79336110000001,44.6324493,16339,161,15361.0,817.0,"North Ossetia - Alania Republic, Russia",2328.272284881691,0.9853724218128403
542,Novgorod Oblast,Russia,2021-04-01 04:27:05,58.2843833,32.5169757,28674,121,25749.0,2804.0,"Novgorod Oblast, Russia",4727.969449739149,0.4219850735858269
543,Novosibirsk Oblast,Russia,2021-04-01 04:27:05,54.9720169,79.48139240000002,38774,1625,35949.0,1200.0,"Novosibirsk Oblast, Russia",1390.3226743362584,4.190952700263063
544,Omsk Oblast,Russia,2021-04-01 04:27:05,56.09352629999999,73.5099936,43776,1316,40523.0,1937.0,"Omsk Oblast, Russia",2233.377090028422,3.006213450292398
545,Orel Oblast,Russia,2021-04-01 04:27:05,52.96854329999999,36.0692477,32432,501,29746.0,2185.0,"Orel Oblast, Russia",4340.198087111759,1.5447705969412926
546,Orenburg Oblast,Russia,2021-04-01 04:27:05,52.02692620000001,54.7276647,40013,733,36637.0,2643.0,"Orenburg Oblast, Russia",2023.1883178609712,1.8319046309949267
547,Penza Oblast,Russia,2021-04-01 04:27:05,53.1655415,44.78791810000001,42019,530,38783.0,2706.0,"Penza Oblast, Russia",3155.3968557922285,1.2613341583569335
548,Perm Krai,Russia,2021-04-01 04:27:05,58.5951603,56.3159546,51249,1956,45575.0,3718.0,"Perm Krai, Russia",1953.7406190028523,3.816659837265117
549,Primorsky Krai,Russia,2021-04-01 04:27:05,45.0819456,134.726645,42358,678,38697.0,2983.0,"Primorsky Krai, Russia",2214.1756798221886,1.6006421455215072
550,Pskov Oblast,Russia,2021-04-01 04:27:05,57.5358729,28.8586826,34266,244,23527.0,10495.0,"Pskov Oblast, Russia",5383.114496045848,0.712076110430164
551,Rostov Oblast,Russia,2021-04-01 04:27:05,47.6222451,40.7957942,80836,3577,72661.0,4598.0,"Rostov Oblast, Russia",1915.339873549089,4.42500865950814
552,Ryazan Oblast,Russia,2021-04-01 04:27:05,54.42267320000001,40.57052460000001,26315,366,24363.0,1586.0,"Ryazan Oblast, Russia",2346.465455284741,1.3908417252517575
553,Saint Petersburg,Russia,2021-04-01 04:27:05,59.9606739,30.158655100000004,394631,12270,347480.0,34881.0,"Saint Petersburg, Russia",7373.613468773444,3.1092336891931955
554,Sakha (Yakutiya) Republic,Russia,2021-04-01 04:27:05,66.941626,129.642371,33565,550,32445.0,570.0,"Sakha (Yakutiya) Republic, Russia",3480.6549625128328,1.6386116490391778
555,Sakhalin Oblast,Russia,2021-04-01 04:27:05,49.7219665,143.448533,22001,39,21662.0,300.0,"Sakhalin Oblast, Russia",4488.342061401809,0.1772646697877369
556,Samara Oblast,Russia,2021-04-01 04:27:05,53.2128813,50.8914633,55731,1098,52443.0,2190.0,"Samara Oblast, Russia",1745.1309122177013,1.970178177316036
557,Saratov Oblast,Russia,2021-04-01 04:27:05,51.6520555,46.86319520000001,54784,815,49483.0,4486.0,"Saratov Oblast, Russia",2224.3244889258817,1.4876606308411215
558,Smolensk Oblast,Russia,2021-04-01 04:27:05,55.03434960000001,33.0192065,28168,758,26842.0,568.0,"Smolensk Oblast, Russia",2967.0889916026576,2.690996875887532
559,Stavropol Krai,Russia,2021-04-01 04:27:05,44.86325770000001,43.4406913,50442,1227,47472.0,1743.0,"Stavropol Krai, Russia",1801.0664575741412,2.4324967289163792
560,Sverdlovsk Oblast,Russia,2021-04-01 04:27:05,58.6414755,61.8021546,82516,2735,75855.0,3926.0,"Sverdlovsk Oblast, Russia",1907.771470636652,3.31450870134277
561,Tambov Oblast,Russia,2021-04-01 04:27:05,52.9019574,41.3578918,29408,409,26886.0,2113.0,"Tambov Oblast, Russia",2845.33337461492,1.3907780195865072
562,Tatarstan Republic,Russia,2021-04-01 04:27:05,55.7648572,52.43104273,19420,417,16322.0,2681.0,"Tatarstan Republic, Russia",498.6796032338679,2.147270854788877
563,Tomsk Oblast,Russia,2021-04-01 04:27:05,58.6124279,82.04753149999998,31387,356,30294.0,737.0,"Tomsk Oblast, Russia",2910.8394851059093,1.1342275464364229
564,Tula Oblast,Russia,2021-04-01 04:27:05,53.9570701,37.3690909,36235,1545,33660.0,1030.0,"Tula Oblast, Russia",2428.855351223812,4.263833310335311
565,Tver Oblast,Russia,2021-04-01 04:27:05,57.1134475,35.174442799999994,37394,731,35340.0,1323.0,"Tver Oblast, Russia",2912.593379563244,1.954859068299728
566,Tyumen Oblast,Russia,2021-04-01 04:27:05,58.8206488,70.36588370000001,33599,386,31669.0,1544.0,"Tyumen Oblast, Russia",909.9501679124688,1.1488437155867737
567,Tyva Republic,Russia,2021-04-01 04:27:05,51.4017149,93.8582593,15761,197,14907.0,657.0,"Tyva Republic, Russia",4898.950025177016,1.2499206903115283
568,Udmurt Republic,Russia,2021-04-01 04:27:05,57.1961165,52.69598320000001,30672,756,27275.0,2641.0,"Udmurt Republic, Russia",2027.1717147683744,2.464788732394366
569,Ulyanovsk Oblast,Russia,2021-04-01 04:27:05,54.1463177,47.2324921,50824,969,47488.0,2367.0,"Ulyanovsk Oblast, Russia",4076.950597536695,1.9065795687076967
570,Vladimir Oblast,Russia,2021-04-01 04:27:05,56.0503336,40.6561633,29981,997,27038.0,1946.0,"Vladimir Oblast, Russia",2175.1574542365183,3.325439444981822
571,Volgograd Oblast,Russia,2021-04-01 04:27:05,49.6048339,44.29035820000001,53623,955,51314.0,1354.0,"Volgograd Oblast, Russia",2126.8199118224265,1.7809522033455794
572,Vologda Oblast,Russia,2021-04-01 04:27:05,60.0391461,43.1215213,42714,902,39805.0,2007.0,"Vologda Oblast, Russia",3630.016087513353,2.111719810834855
573,Voronezh Oblast,Russia,2021-04-01 04:27:05,50.9800393,40.15065070000001,75155,2401,69769.0,2985.0,"Voronezh Oblast, Russia",3220.328670202008,3.194730889495044
574,Yamalo-Nenets Autonomous Okrug,Russia,2021-04-01 04:27:05,67.1471631,74.3415488,37991,407,36554.0,1030.0,"Yamalo-Nenets Autonomous Okrug, Russia",7054.351802163971,1.0713063620331131
575,Yaroslavl Oblast,Russia,2021-04-01 04:27:05,57.77819760000001,39.0021095,36094,482,34427.0,1185.0,"Yaroslavl Oblast, Russia",2851.73866462719,1.3354020058735523
576,Zabaykalsky Krai,Russia,2021-04-01 04:27:05,52.248521,115.956325,41050,590,39556.0,904.0,"Zabaykalsky Krai, Russia",3826.414095372322,1.4372716199756397
577,,Rwanda,2021-04-01 04:27:05,-1.9403,29.8739,21783,307,20182.0,1294.0,Rwanda,168.17980624000123,1.4093559197539365
578,,Saint Kitts and Nevis,2021-04-01 04:27:05,17.357822,-62.782998,44,0,43.0,1.0,Saint Kitts and Nevis,82.7192058956234,0.0
579,,Saint Lucia,2021-04-01 04:27:05,13.9094,-60.9789,4238,60,4142.0,36.0,Saint Lucia,2307.914327257677,1.4157621519584709
580,,Saint Vincent and the Grenadines,2021-04-01 04:27:05,12.9843,-61.2872,1748,10,1587.0,151.0,Saint Vincent and the Grenadines,1575.5270534579574,0.5720823798627003
581,,Samoa,2021-04-01 04:27:05,-13.759,-172.1046,3,0,2.0,1.0,Samoa,1.5295977158007443,0.0
582,,San Marino,2021-04-01 04:27:05,43.9424,12.4578,4732,84,4128.0,520.0,San Marino,13943.0726619129,1.7751479289940828
583,,Sao Tome and Principe,2021-04-01 04:27:05,0.1864,6.6131,2223,34,2092.0,97.0,Sao Tome and Principe,1014.32280378352,1.5294646873594242
584,,Saudi Arabia,2021-04-01 04:27:05,23.885942,45.079162,390007,6669,378083.0,5255.0,Saudi Arabia,1120.263370914814,1.7099693082431853
585,,Senegal,2021-04-01 04:27:05,14.4974,-14.4524,38705,1051,37321.0,333.0,Senegal,231.1583959082485,2.7154114455496705
586,,Serbia,2021-04-01 04:27:05,44.0165,21.0059,600596,5308,0.0,595288.0,Serbia,6873.876235068447,0.8837887698219768
587,,Seychelles,2021-04-01 04:27:05,-4.6796,55.492,4114,20,3745.0,349.0,Seychelles,4183.4451901566,0.4861448711716091
588,,Sierra Leone,2021-04-01 04:27:05,8.460555000000001,-11.779889,3980,79,2812.0,1089.0,Sierra Leone,49.89353747061077,1.984924623115578
589,,Singapore,2021-04-01 04:27:05,1.2833,103.8333,60381,30,60149.0,202.0,Singapore,1032.093331963613,0.0496845034033884
590,,Slovakia,2021-04-01 04:27:05,48.669,19.699,707876,9719,255300.0,442857.0,Slovakia,12965.6096561625,1.3729805785194018
591,,Slovenia,2021-04-01 04:27:05,46.1512,14.9955,215602,4047,198524.0,13031.0,Slovenia,10370.805779121203,1.877069785994564
592,,Solomon Islands,2021-04-01 04:27:05,-9.6457,160.1562,19,0,18.0,1.0,Solomon Islands,2.9102806429575803,0.0
593,,Somalia,2021-04-01 04:27:05,5.152149,46.199616,11398,529,4819.0,6050.0,Somalia,71.71611993769167,4.641165116687138
594,,South Africa,2021-04-01 04:27:05,-30.5595,22.9375,1548157,52846,1474319.0,20992.0,South Africa,2610.337540754989,3.413478090400392
595,,South Sudan,2021-04-01 04:27:05,6.877000000000002,31.307,10165,109,9668.0,388.0,South Sudan,90.80977393681766,1.072306935563207
596,Andalusia,Spain,2021-04-01 04:27:05,37.5443,-4.7278,505796,9206,10671.0,485919.0,"Andalusia, Spain",6001.800079621188,1.8201013847480008
597,Aragon,Spain,2021-04-01 04:27:05,41.5976,-0.9057,110894,3344,3772.0,103778.0,"Aragon, Spain",8397.332699271385,3.015492271899291
598,Asturias,Spain,2021-04-01 04:27:05,43.3614,-5.8593,47263,1891,1063.0,44309.0,"Asturias, Spain",4623.632245978058,4.001015593593297
599,Baleares,Spain,2021-04-01 04:27:05,39.710358,2.995148,57676,777,1533.0,55366.0,"Baleares, Spain",4853.983269091583,1.3471808031070116
600,C. Valenciana,Spain,2021-04-01 04:27:05,39.484,-0.7533,385658,7112,9970.0,368576.0,"C. Valenciana, Spain",7751.967901709539,1.8441209569100083
601,Canarias,Spain,2021-04-01 04:27:05,28.2916,-16.6291,46880,676,1537.0,44667.0,"Canarias, Spain",2124.245718317224,1.4419795221843004
602,Cantabria,Spain,2021-04-01 04:27:05,43.1828,-3.9878,26077,542,2287.0,23248.0,"Cantabria, Spain",4483.349695086832,2.0784599455458834
603,Castilla - La Mancha,Spain,2021-04-01 04:27:05,39.2796,-3.0977,175803,5757,6392.0,163654.0,"Castilla - La Mancha, Spain",8639.490249287795,3.274688145253494
604,Castilla y Leon,Spain,2021-04-01 04:27:05,41.8357,-4.3976,212625,6626,8716.0,197283.0,"Castilla y Leon, Spain",8830.921036510277,3.116284538506761
605,Catalonia,Spain,2021-04-01 04:27:05,41.5912,1.5209,536235,13335,26203.0,496697.0,"Catalonia, Spain",7087.026895507274,2.486782847072645
606,Ceuta,Spain,2021-04-01 04:27:05,35.8894,-5.3213,5121,95,163.0,4863.0,"Ceuta, Spain",6036.85060533544,1.85510642452646
607,Extremadura,Spain,2021-04-01 04:27:05,39.4937,-6.0679,71103,1757,2652.0,66694.0,"Extremadura, Spain",6673.681088468065,2.4710631056354866
608,Galicia,Spain,2021-04-01 04:27:05,42.5751,-8.1339,116522,2327,9204.0,104991.0,"Galicia, Spain",4314.924858569397,1.997047767803505
609,La Rioja,Spain,2021-04-01 04:27:05,42.2871,-2.5396,27895,744,3107.0,24044.0,"La Rioja, Spain",8895.91193063134,2.6671446495787774
610,Madrid,Spain,2021-04-01 04:27:05,40.4168,-3.7038,625215,14564,40736.0,569915.0,"Madrid, Spain",9413.550761264258,2.3294386730964547
611,Melilla,Spain,2021-04-01 04:27:05,35.2923,-2.9381,7861,79,125.0,7657.0,"Melilla, Spain",9282.197215695072,1.00496120086503
612,Murcia,Spain,2021-04-01 04:27:05,37.9922,-1.1307,108542,1562,2180.0,104800.0,"Murcia, Spain",7296.141666493017,1.439074275395699
613,Navarra,Spain,2021-04-01 04:27:05,42.6954,-1.6761,54315,1121,3905.0,49289.0,"Navarra, Spain",8356.848107381229,2.063886587498849
614,Pais Vasco,Spain,2021-04-01 04:27:05,42.9896,-2.6189,162872,3944,16160.0,142768.0,"Pais Vasco, Spain",7478.465296526898,2.4215334741392014
615,Unknown,Spain,2021-04-01 04:27:05,,,0,0,0.0,0.0,"Unknown, Spain",,
616,,Sri Lanka,2021-04-01 04:27:05,7.873054,80.77179699999998,92706,568,89251.0,2887.0,Sri Lanka,432.9375503484992,0.6126895778051044
617,,Sudan,2021-04-01 04:27:05,12.8628,30.2176,31833,2063,24214.0,5556.0,Sudan,72.59642116268803,6.480696132943801
618,,Suriname,2021-04-01 04:27:05,3.9193,-56.0278,9122,177,8598.0,347.0,Suriname,1554.972947357296,1.9403639552729663
619,Blekinge,Sweden,2021-04-01 04:27:05,56.2784,15.018,8956,120,0.0,8836.0,"Blekinge, Sweden",5611.317870255504,1.339883876730683
620,Dalarna,Sweden,2021-04-01 04:27:05,61.0917,14.6664,18657,310,0.0,18347.0,"Dalarna, Sweden",6478.8898689428615,1.6615747440638902
621,Gavleborg,Sweden,2021-04-01 04:27:05,61.3012,16.1534,27932,523,0.0,27409.0,"Gavleborg, Sweden",9719.467468387023,1.8724044107117288
622,Gotland,Sweden,2021-04-01 04:27:05,57.4684,18.4867,3027,46,0.0,2981.0,"Gotland, Sweden",5071.541064906343,1.5196564255037992
623,Halland,Sweden,2021-04-01 04:27:05,56.8967,12.8034,31823,290,0.0,31533.0,"Halland, Sweden",9532.182310512568,0.9112905759984916
624,Jamtland Harjedalen,Sweden,2021-04-01 04:27:05,63.1712,14.9592,8519,118,0.0,8401.0,"Jamtland Harjedalen, Sweden",6512.499044415565,1.385139100833431
625,Jonkoping,Sweden,2021-04-01 04:27:05,57.3708,14.3439,33356,535,0.0,32821.0,"Jonkoping, Sweden",9173.842612328415,1.6039093416476795
626,Kalmar,Sweden,2021-04-01 04:27:05,57.235,16.1849,15188,222,0.0,14966.0,"Kalmar, Sweden",6187.919134962476,1.4616802739004475
627,Kronoberg,Sweden,2021-04-01 04:27:05,56.7183,14.4115,15331,297,0.0,15034.0,"Kronoberg, Sweden",7609.607433401665,1.9372513208531728
628,Norrbotten,Sweden,2021-04-01 04:27:05,66.8309,20.3992,16375,238,0.0,16137.0,"Norrbotten, Sweden",6547.5643060781385,1.453435114503817
629,Orebro,Sweden,2021-04-01 04:27:05,59.535,15.0066,22112,301,0.0,21811.0,"Orebro, Sweden",7254.474172011614,1.3612518089725036
630,Ostergotland,Sweden,2021-04-01 04:27:05,58.3454,15.5198,28154,576,0.0,27578.0,"Ostergotland, Sweden",6048.185265147853,2.045890459614975
631,Skane,Sweden,2021-04-01 04:27:05,55.9903,13.5958,124024,1643,0.0,122381.0,"Skane, Sweden",9001.420352482568,1.3247435980132878
632,Sormland,Sweden,2021-04-01 04:27:05,59.0336,16.7519,17511,420,0.0,17091.0,"Sormland, Sweden",5885.259124823553,2.3984923762206614
633,Stockholm,Sweden,2021-04-01 04:27:05,59.6025,18.1384,192075,4003,0.0,188072.0,"Stockholm, Sweden",8080.288387312002,2.0840817389040738
634,Uppsala,Sweden,2021-04-01 04:27:05,60.0092,17.2715,29210,499,0.0,28711.0,"Uppsala, Sweden",7612.46035448369,1.7083190688120506
635,Varmland,Sweden,2021-04-01 04:27:05,59.7294,13.2354,12335,184,0.0,12151.0,"Varmland, Sweden",4367.701317923333,1.4916903121199838
636,Vasterbotten,Sweden,2021-04-01 04:27:05,65.3337,16.5162,18195,168,0.0,18027.0,"Vasterbotten, Sweden",6695.837136043807,0.9233305853256388
637,Vasternorrland,Sweden,2021-04-01 04:27:05,63.4276,17.7292,17608,428,0.0,17180.0,"Vasternorrland, Sweden",7176.77411991995,2.430713312130849
638,Vastmanland,Sweden,2021-04-01 04:27:05,59.6714,16.2159,20948,332,0.0,20616.0,"Vastmanland, Sweden",7594.119886167957,1.5848768378842848
639,Vastra Gotaland,Sweden,2021-04-01 04:27:05,58.2528,13.0596,143550,2212,0.0,141338.0,"Vastra Gotaland, Sweden",8317.49118276405,1.5409265064437478
640,,Switzerland,2021-04-01 04:27:05,46.8182,8.2275,601124,10297,317600.0,273227.0,Switzerland,6945.702282873722,1.7129577258602218
641,,Syria,2021-04-01 04:27:05,34.802075,38.99681500000001,18909,1265,12731.0,4913.0,Syria,108.04737216437074,6.689936009307737
642,,Taiwan,2021-04-01 04:27:05,23.7,121.0,1030,10,981.0,39.0,Taiwan,4.324682917817379,0.970873786407767
643,,Tajikistan,2021-04-01 04:27:05,38.861,71.2761,13714,91,13218.0,405.0,Tajikistan,143.78816063760834,0.6635554907393904
644,,Tanzania,2021-04-01 04:27:05,-6.369028,34.888822,509,21,183.0,305.0,Tanzania,0.852107987092757,4.12573673870334
645,,Thailand,2021-04-01 04:27:05,15.870032,100.992541,28863,94,26873.0,1896.0,Thailand,41.351015898601,0.325676471607248
646,,Timor-Leste,2021-04-01 04:27:05,-8.874217,125.727539,604,0,189.0,415.0,Timor-Leste,45.81164738380604,0.0
647,,Togo,2021-04-01 04:27:05,8.6195,0.8248,10249,109,7815.0,2325.0,Togo,123.7990770814437,1.0635183920382476
648,,Trinidad and Tobago,2021-04-01 04:27:05,10.6918,-61.2225,8026,142,7615.0,269.0,Trinidad and Tobago,573.494220398702,1.769249937702467
649,,Tunisia,2021-04-01 04:27:05,33.886917,9.537499,254018,8812,217293.0,27913.0,Tunisia,2149.303751081556,3.469045500712548
650,,Turkey,2021-04-01 04:27:05,38.9637,35.2433,3317182,31537,3014226.0,271419.0,Turkey,3933.1499837435954,0.9507166022244182
3926,,Uganda,2021-04-01 04:27:05,1.373333,32.290275,40867,335,40449.0,83.0,Uganda,89.34435189436174,0.8197323023466366
3927,Cherkasy Oblast,Ukraine,2021-04-01 04:27:05,49.4444,32.0598,57393,759,49607.0,7027.0,"Cherkasy Oblast, Ukraine",4757.570557822724,1.3224609272907846
3928,Chernihiv Oblast,Ukraine,2021-04-01 04:27:05,51.4982,31.2893,41884,862,33677.0,7345.0,"Chernihiv Oblast, Ukraine",4164.475090604477,2.05806513227008
3929,Chernivtsi Oblast,Ukraine,2021-04-01 04:27:05,48.2917,25.9352,69844,1360,49629.0,18855.0,"Chernivtsi Oblast, Ukraine",7722.9110965153795,1.94719660958708
3930,Crimea Republic*,Ukraine,2021-04-01 04:27:05,45.2835,34.2008,37633,1069,35253.0,1311.0,"Crimea Republic*, Ukraine",1966.47282193788,2.840592033587543
3931,Dnipropetrovsk Oblast,Ukraine,2021-04-01 04:27:05,48.4647,35.0462,91122,2357,74436.0,14329.0,"Dnipropetrovsk Oblast, Ukraine",2841.8104979390155,2.586642084238713
3932,Donetsk Oblast,Ukraine,2021-04-01 04:27:05,48.0159,37.8028,59206,1269,47347.0,10590.0,"Donetsk Oblast, Ukraine",1421.205160660323,2.1433638482586224
3933,Ivano-Frankivsk Oblast,Ukraine,2021-04-01 04:27:05,48.9226,24.7111,79225,1699,62236.0,15290.0,"Ivano-Frankivsk Oblast, Ukraine",5769.152347857495,2.144525086778164
3934,Kharkiv Oblast,Ukraine,2021-04-01 04:27:05,49.9935,36.2304,103804,1962,84783.0,17059.0,"Kharkiv Oblast, Ukraine",3879.6560619345655,1.890100574158992
3935,Kherson Oblast,Ukraine,2021-04-01 04:27:05,46.6354,32.6169,24258,704,21306.0,2248.0,"Kherson Oblast, Ukraine",2337.8050190817626,2.902135378019622
3936,Khmelnytskyi Oblast,Ukraine,2021-04-01 04:27:05,49.423,26.9871,63780,1156,50632.0,11992.0,"Khmelnytskyi Oblast, Ukraine",5043.073285865084,1.8124804013797429
3937,Kiev,Ukraine,2021-04-01 04:27:05,50.4501,30.5234,162291,3405,105605.0,53281.0,"Kiev, Ukraine",5499.898332655551,2.0980830729985027
3938,Kiev Oblast,Ukraine,2021-04-01 04:27:05,50.053,30.7667,95323,1612,77512.0,16199.0,"Kiev Oblast, Ukraine",5391.755376313676,1.691092391133305
3939,Kirovohrad Oblast,Ukraine,2021-04-01 04:27:05,48.5079,32.2623,13162,467,9059.0,3636.0,"Kirovohrad Oblast, Ukraine",1391.9955496753737,3.5480929949855646
3940,Luhansk Oblast,Ukraine,2021-04-01 04:27:05,48.574,39.3078,17460,522,14958.0,1980.0,"Luhansk Oblast, Ukraine",811.4012565101474,2.989690721649485
3941,Lviv Oblast,Ukraine,2021-04-01 04:27:05,49.8397,24.0297,103670,2629,79111.0,21930.0,"Lviv Oblast, Ukraine",4110.592259144552,2.535931320536317
3942,Mykolaiv Oblast,Ukraine,2021-04-01 04:27:05,46.975,31.9946,51924,1062,41892.0,8970.0,"Mykolaiv Oblast, Ukraine",2058.8250454694867,2.045296972498267
3943,Odessa Oblast,Ukraine,2021-04-01 04:27:05,46.4846,30.7326,107566,1776,83037.0,22753.0,"Odessa Oblast, Ukraine",4518.995020812433,1.651079337337077
3944,Poltava Oblast,Ukraine,2021-04-01 04:27:05,49.5883,34.5514,55021,1153,46321.0,7547.0,"Poltava Oblast, Ukraine",3928.839456770341,2.0955635121135567
3945,Rivne Oblast,Ukraine,2021-04-01 04:27:05,50.6199,26.2516,57724,747,50901.0,6076.0,"Rivne Oblast, Ukraine",4987.812159498696,1.2940891137135333
3946,Sevastopol*,Ukraine,2021-04-01 04:27:05,44.6054,33.522,13228,562,12210.0,456.0,"Sevastopol*, Ukraine",2984.5829638704818,4.248563652857575
3947,Sumy Oblast,Ukraine,2021-04-01 04:27:05,50.9077,34.7981,58193,812,49583.0,7798.0,"Sumy Oblast, Ukraine",5381.175456668929,1.3953568298592611
3948,Ternopil Oblast,Ukraine,2021-04-01 04:27:05,49.5535,25.5948,54080,762,44874.0,8444.0,"Ternopil Oblast, Ukraine",5170.770232502995,1.4090236686390532
3949,Vinnytsia Oblast,Ukraine,2021-04-01 04:27:05,49.2331,28.4682,57101,1059,35058.0,20984.0,"Vinnytsia Oblast, Ukraine",3659.396280682956,1.8546085007267823
3950,Volyn Oblast,Ukraine,2021-04-01 04:27:05,50.7472,25.3254,46674,768,40552.0,5354.0,"Volyn Oblast, Ukraine",4508.12784329634,1.6454557141020696
3951,Zakarpattia Oblast,Ukraine,2021-04-01 04:27:05,48.6208,22.2879,54045,1306,40720.0,12019.0,"Zakarpattia Oblast, Ukraine",4300.200031508543,2.416504764548062
3952,Zaporizhia Oblast,Ukraine,2021-04-01 04:27:05,47.8388,35.1396,78386,1415,69207.0,7764.0,"Zaporizhia Oblast, Ukraine",4595.166241068895,1.8051692904345165
3953,Zhytomyr Oblast,Ukraine,2021-04-01 04:27:05,50.2547,28.6587,71032,1202,51438.0,18392.0,"Zhytomyr Oblast, Ukraine",5821.374159661627,1.692195067012051
3954,,United Arab Emirates,2021-04-01 04:27:05,23.424076,53.847818,461444,1497,445355.0,14592.0,United Arab Emirates,4665.574698697727,0.3244163972226315
3955,Anguilla,United Kingdom,2021-04-01 04:27:05,18.2206,-63.0686,25,0,21.0,4.0,"Anguilla, United Kingdom",166.6444474070124,0.0
3956,Bermuda,United Kingdom,2021-04-01 04:27:05,32.3078,-64.7505,1217,12,729.0,476.0,"Bermuda, United Kingdom",1954.2980103736768,0.9860312243221035
3957,British Virgin Islands,United Kingdom,2021-04-01 04:27:05,18.4207,-64.64,153,1,131.0,21.0,"British Virgin Islands, United Kingdom",506.0025796209941,0.6535947712418301
3958,Cayman Islands,United Kingdom,2021-04-01 04:27:05,19.3133,-81.2546,500,2,476.0,22.0,"Cayman Islands, United Kingdom",760.8034083992696,0.4
3959,Channel Islands,United Kingdom,2021-04-01 04:27:05,49.3723,-2.3644,4049,86,3956.0,7.0,"Channel Islands, United Kingdom",2374.793987061508,2.123981229933317
3960,England,United Kingdom,2021-04-01 04:27:05,52.3555,-1.1743,3800722,111489,0.0,3689233.0,"England, United Kingdom",6789.767976962049,2.933363713526009
3961,Falkland Islands (Malvinas),United Kingdom,2021-04-01 04:27:05,-51.7963,-59.5236,54,0,54.0,0.0,"Falkland Islands (Malvinas), United Kingdom",1550.3875968992247,0.0
3962,Gibraltar,United Kingdom,2021-04-01 04:27:05,36.1408,-5.3536,4274,94,4168.0,12.0,"Gibraltar, United Kingdom",12685.880502211274,2.199344875994385
3963,Isle of Man,United Kingdom,2021-04-01 04:27:05,54.2361,-4.5481,1569,29,1247.0,293.0,"Isle of Man, United Kingdom",1845.187694044595,1.8483110261312936
3964,Montserrat,United Kingdom,2021-04-01 04:27:05,16.742498,-62.187366,20,1,19.0,0.0,"Montserrat, United Kingdom",400.0800160032006,5.0
3965,Northern Ireland,United Kingdom,2021-04-01 04:27:05,54.7877,-6.4923,117289,2115,0.0,115174.0,"Northern Ireland, United Kingdom",6233.471513605442,1.803238155325734
3966,"Saint Helena, Ascension and Tristan da Cunha",United Kingdom,2021-03-14 23:25:24,-7.9467,-14.3559,4,0,4.0,0.0,"Saint Helena, Ascension and Tristan da Cunha, United Kingdom",70.65889418830595,0.0
3967,Scotland,United Kingdom,2021-04-01 04:27:05,56.4907,-4.2026,218432,7602,0.0,210830.0,"Scotland, United Kingdom",3998.169604451522,3.480259302666276
3968,Turks and Caicos Islands,United Kingdom,2021-04-01 04:27:05,21.69400000000001,-71.7979,2329,17,2268.0,44.0,"Turks and Caicos Islands, United Kingdom",6015.290045973449,0.7299270072992701
3969,Unknown,United Kingdom,2021-04-01 04:27:05,,,0,0,0.0,0.0,"Unknown, United Kingdom",,
3970,Wales,United Kingdom,2021-04-01 04:27:05,52.1307,-3.7837,209345,5507,0.0,203838.0,"Wales, United Kingdom",6670.012107308991,2.630585874991044
3971,,Uruguay,2021-04-01 04:27:05,-32.5228,-55.7658,105549,974,83380.0,21195.0,Uruguay,3038.494389455476,0.9227941524789436
3972,,Uzbekistan,2021-04-01 04:27:05,41.377491,64.585262,82869,629,80983.0,1257.0,Uzbekistan,247.59779880002503,0.75902931132269
3973,,Vanuatu,2021-04-01 04:27:05,-15.3767,166.9592,3,0,1.0,2.0,Vanuatu,1.0250102501025011,0.0
3974,,Venezuela,2021-04-01 04:27:05,6.4238,-66.5897,160497,1602,147846.0,11049.0,Venezuela,564.4159576490922,0.9981494981214604
3975,,Vietnam,2021-04-01 04:27:05,14.058324,108.277199,2603,35,2359.0,209.0,Vietnam,2.6741708372722046,1.3446023818670765
3976,,West Bank and Gaza,2021-04-01 04:27:05,31.9522,35.2332,242353,2627,215429.0,24297.0,West Bank and Gaza,4750.700589797029,1.0839560475834835
3977,,Yemen,2021-04-01 04:27:05,15.552727,48.516388,4357,888,1676.0,1793.0,Yemen,14.60807575465782,20.38099609823273
3978,,Zambia,2021-04-01 04:27:05,-13.133897,27.849332,88418,1208,84592.0,2618.0,Zambia,480.9519779094337,1.3662376439186592
3979,,Zimbabwe,2021-04-01 04:27:05,-19.015438,29.154857,36882,1523,34686.0,673.0,Zimbabwe,248.147622604888,4.12938560815574
3982,,Kiribati,2021-04-01 04:27:05,-3.3704,-168.734,0,0,0.0,0.0,Kiribati,0.0,
3983,,Palau,2021-04-01 04:27:05,7.515,134.5825,0,0,0.0,0.0,Palau,0.0,
3984,Cook Islands,New Zealand,2021-04-01 04:27:05,-21.2367,-159.7777,0,0,0.0,0.0,"Cook Islands, New Zealand",0.0,
3985,,Summer Olympics 2020,2021-04-01 04:27:05,35.6491,139.7737,0,0,0.0,0.0,Summer Olympics 2020,,
3986,Johor,Malaysia,2021-04-01 04:27:05,1.4854,103.7618,41258,104,39594.0,1560.0,"Johor, Malaysia",1094.899421474444,0.2520723253672015
3987,Kedah,Malaysia,2021-04-01 04:27:05,6.1184,100.3685,8435,25,8067.0,343.0,"Kedah, Malaysia",385.882245299419,0.2963841138114997
3988,Kelantan,Malaysia,2021-04-01 04:27:05,6.1254,102.2381,6250,23,5638.0,589.0,"Kelantan, Malaysia",330.30335059718846,0.368
3989,Melaka,Malaysia,2021-04-01 04:27:05,2.1896,102.2501,6537,22,6196.0,319.0,"Melaka, Malaysia",700.8684464458025,0.3365458161236041
3990,Negeri Sembilan,Malaysia,2021-04-01 04:27:05,2.7258,101.9424,17269,31,16868.0,370.0,"Negeri Sembilan, Malaysia",1525.3952831021995,0.1795124211013955
3991,Pahang,Malaysia,2021-04-01 04:27:05,3.8126,103.3256,4269,17,3961.0,291.0,"Pahang, Malaysia",254.5465386679387,0.3982197235886625
3992,Perak,Malaysia,2021-04-01 04:27:05,4.5921,101.0901,12964,44,12563.0,357.0,"Perak, Malaysia",515.610706757348,0.3394014193150262
3993,Perlis,Malaysia,2021-04-01 04:27:05,6.4449,100.2048,330,2,320.0,8.0,"Perlis, Malaysia",129.61508248232522,0.6060606060606061
3994,Pulau Pinang,Malaysia,2021-04-01 04:27:05,5.4141,100.3288,16067,21,14730.0,1316.0,"Pulau Pinang, Malaysia",903.8591359135912,0.1307026825169602
3995,Sabah,Malaysia,2021-04-01 04:27:05,5.9788,116.0753,54768,392,53870.0,506.0,"Sabah, Malaysia",1402.6173585678798,0.7157464212678937
3996,Sarawak,Malaysia,2021-04-01 04:27:05,1.5533,110.3592,16390,108,13740.0,2542.0,"Sarawak, Malaysia",581.5975302508782,0.6589383770591825
3997,Selangor,Malaysia,2021-04-01 04:27:05,3.0738,101.5183,116080,332,110514.0,5234.0,"Selangor, Malaysia",1774.4080465919687,0.2860096485182632
3998,Terengganu,Malaysia,2021-04-01 04:27:05,5.3117,103.1324,3595,13,3547.0,35.0,"Terengganu, Malaysia",287.5769938404928,0.3616133518776078
3999,Wilayah Persekutuan Kuala Lumpur,Malaysia,2021-04-01 04:27:05,3.139,101.6869,37819,118,36631.0,1070.0,"W.P. Kuala Lumpur, Malaysia",2126.57444894287,0.31201248049922
4000,W.P. Labuan,Malaysia,2021-04-01 04:27:05,5.2831,115.2308,2327,12,2282.0,33.0,"W.P. Labuan, Malaysia",2341.046277665996,0.5156854318865493
4001,W.P. Putrajaya,Malaysia,2021-04-01 04:27:05,2.9264,101.6964,1142,8,1102.0,32.0,"W.P. Putrajaya, Malaysia",1083.4914611005693,0.7005253940455342
4002,Unknown,Malaysia,2021-04-01 04:27:05,,,0,0,0.0,0.0,"Unknown, Malaysia",,
4003,,Tonga,2021-04-01 04:27:05,-21.179,-175.1982,0,0,0.0,0.0,Tonga,0.0,
